Round,Event,Driver,Stint,Compound,vueltas,degradacion_s
1,Bahrain Grand Prix,ALB,1.0,SOFT,12.0,0.08354058457588812
1,Bahrain Grand Prix,ALB,2.0,HARD,19.0,0.07412105263157796
1,Bahrain Grand Prix,ALB,3.0,HARD,17.0,0.11532538223287361
1,Bahrain Grand Prix,ALO,1.0,SOFT,12.0,0.07406497481979137
1,Bahrain Grand Prix,ALO,2.0,HARD,24.0,0.07434375286041126
1,Bahrain Grand Prix,ALO,3.0,HARD,15.0,0.07609586466165251
1,Bahrain Grand Prix,BOT,1.0,SOFT,9.0,0.12304125636672116
1,Bahrain Grand Prix,BOT,2.0,HARD,16.0,0.15183746130030962
1,Bahrain Grand Prix,BOT,3.0,HARD,25.0,0.07002004048582837
1,Bahrain Grand Prix,GAS,1.0,SOFT,9.0,0.08457996604413992
1,Bahrain Grand Prix,GAS,2.0,HARD,17.0,0.12473206914344459
1,Bahrain Grand Prix,GAS,3.0,HARD,10.0,0.09440733652312791
1,Bahrain Grand Prix,GAS,4.0,SOFT,11.0,0.13091428571428274
1,Bahrain Grand Prix,HAM,1.0,SOFT,9.0,0.055699320882854154
1,Bahrain Grand Prix,HAM,2.0,HARD,18.0,0.05306729610285423
1,Bahrain Grand Prix,HAM,3.0,HARD,22.0,0.0910240073453699
1,Bahrain Grand Prix,HUL,2.0,HARD,15.0,0.08535722507062832
1,Bahrain Grand Prix,HUL,3.0,HARD,19.0,0.11164561403508695
1,Bahrain Grand Prix,HUL,4.0,SOFT,14.0,0.09213048004626556
1,Bahrain Grand Prix,LEC,1.0,SOFT,7.0,0.17770404271548548
1,Bahrain Grand Prix,LEC,2.0,HARD,21.0,0.059108202323990514
1,Bahrain Grand Prix,LEC,3.0,HARD,22.0,0.11192519837142145
1,Bahrain Grand Prix,MAG,1.0,SOFT,8.0,0.14966729323308342
1,Bahrain Grand Prix,MAG,2.0,HARD,19.0,0.08047017543859457
1,Bahrain Grand Prix,MAG,3.0,HARD,23.0,0.1395298002912409
1,Bahrain Grand Prix,NOR,1.0,SOFT,8.0,0.07722617354196083
1,Bahrain Grand Prix,NOR,2.0,HARD,18.0,0.08132301341589304
1,Bahrain Grand Prix,NOR,3.0,HARD,22.0,0.11548962342743398
1,Bahrain Grand Prix,OCO,1.0,SOFT,8.0,0.131155388471183
1,Bahrain Grand Prix,OCO,2.0,HARD,18.0,0.11359649122806861
1,Bahrain Grand Prix,OCO,3.0,HARD,25.0,0.11155773279352132
1,Bahrain Grand Prix,PER,1.0,SOFT,9.0,0.14421222410865855
1,Bahrain Grand Prix,PER,2.0,HARD,22.0,0.07156325596600159
1,Bahrain Grand Prix,PER,3.0,SOFT,20.0,0.11926766917293335
1,Bahrain Grand Prix,PIA,1.0,SOFT,9.0,0.054473514431243285
1,Bahrain Grand Prix,PIA,2.0,HARD,20.0,0.08304436090225638
1,Bahrain Grand Prix,PIA,3.0,HARD,19.0,0.1100097194618882
1,Bahrain Grand Prix,RIC,1.0,SOFT,10.0,0.0662919186077076
1,Bahrain Grand Prix,RIC,2.0,HARD,20.0,0.09785789473684356
1,Bahrain Grand Prix,RIC,3.0,SOFT,17.0,0.1588109861236521
1,Bahrain Grand Prix,RUS,1.0,SOFT,8.0,0.23888157894736495
1,Bahrain Grand Prix,RUS,2.0,HARD,18.0,0.04368111455108237
1,Bahrain Grand Prix,RUS,3.0,HARD,24.0,0.09480460220318558
1,Bahrain Grand Prix,SAI,1.0,SOFT,11.0,0.07808752020237501
1,Bahrain Grand Prix,SAI,2.0,HARD,19.0,0.09093859649122801
1,Bahrain Grand Prix,SAI,3.0,HARD,21.0,0.0774107997265878
1,Bahrain Grand Prix,SAR,1.0,SOFT,8.0,0.2146196741854654
1,Bahrain Grand Prix,SAR,2.0,HARD,16.0,-0.07949195046439547
1,Bahrain Grand Prix,SAR,3.0,HARD,10.0,0.11580127591706614
1,Bahrain Grand Prix,SAR,4.0,SOFT,14.0,0.22837883169461867
1,Bahrain Grand Prix,STR,1.0,SOFT,7.0,0.20088157894736566
1,Bahrain Grand Prix,STR,2.0,HARD,16.0,0.12357422600619483
1,Bahrain Grand Prix,STR,3.0,HARD,29.0,0.08895029815918999
1,Bahrain Grand Prix,TSU,1.0,SOFT,11.0,0.09001942941466069
1,Bahrain Grand Prix,TSU,2.0,HARD,17.0,0.06401858042447306
1,Bahrain Grand Prix,TSU,3.0,HARD,21.0,0.10530690362269306
1,Bahrain Grand Prix,VER,1.0,SOFT,13.0,0.08411615550373312
1,Bahrain Grand Prix,VER,2.0,HARD,18.0,0.11344169246646003
1,Bahrain Grand Prix,VER,3.0,SOFT,18.0,0.08457835820895454
1,Bahrain Grand Prix,ZHO,1.0,SOFT,7.0,0.19934586466165363
1,Bahrain Grand Prix,ZHO,2.0,HARD,17.0,0.1166462848297184
1,Bahrain Grand Prix,ZHO,3.0,HARD,27.0,0.09220239701818671
2,Saudi Arabian Grand Prix,ALB,2.0,HARD,38.0,-0.03644360305312757
2,Saudi Arabian Grand Prix,ALO,2.0,HARD,41.0,-0.01788850174216336
2,Saudi Arabian Grand Prix,BEA,2.0,HARD,41.0,-0.03622996515679337
2,Saudi Arabian Grand Prix,BOT,2.0,HARD,24.0,-0.013418251804329357
2,Saudi Arabian Grand Prix,BOT,3.0,SOFT,13.0,0.0495274725274762
2,Saudi Arabian Grand Prix,HAM,1.0,MEDIUM,30.0,-0.005830793561279323
2,Saudi Arabian Grand Prix,HAM,2.0,SOFT,13.0,0.12915934065934065
2,Saudi Arabian Grand Prix,HUL,1.0,MEDIUM,26.0,-0.01408785228377248
2,Saudi Arabian Grand Prix,HUL,2.0,HARD,16.0,0.014797058823532706
2,Saudi Arabian Grand Prix,LEC,2.0,HARD,41.0,-0.003115505226480158
2,Saudi Arabian Grand Prix,MAG,2.0,HARD,37.0,-0.030002873059808373
2,Saudi Arabian Grand Prix,NOR,1.0,MEDIUM,30.0,0.016730135860695893
2,Saudi Arabian Grand Prix,NOR,2.0,SOFT,12.0,0.10936013986013826
2,Saudi Arabian Grand Prix,OCO,2.0,HARD,40.0,-0.016291651031896837
2,Saudi Arabian Grand Prix,PER,2.0,HARD,41.0,0.016586933797910795
2,Saudi Arabian Grand Prix,PIA,2.0,HARD,39.0,-0.00596697960505011
2,Saudi Arabian Grand Prix,RIC,2.0,HARD,38.0,-0.023107059022162018
2,Saudi Arabian Grand Prix,RUS,2.0,HARD,40.0,-0.012674328297490123
2,Saudi Arabian Grand Prix,SAR,2.0,HARD,40.0,-0.02222917448405311
2,Saudi Arabian Grand Prix,TSU,2.0,HARD,39.0,-0.01862225536418714
2,Saudi Arabian Grand Prix,VER,2.0,HARD,40.0,0.030330128637953493
2,Saudi Arabian Grand Prix,ZHO,1.0,MEDIUM,35.0,-0.026995148793435834
2,Saudi Arabian Grand Prix,ZHO,2.0,SOFT,7.0,-0.018035714285714433
3,Australian Grand Prix,ALB,2.0,HARD,18.0,0.04948070175438708
3,Australian Grand Prix,ALB,3.0,HARD,27.0,0.02169201850780774
3,Australian Grand Prix,ALO,1.0,HARD,15.0,0.020606578947367404
3,Australian Grand Prix,ALO,2.0,MEDIUM,22.0,0.07261520401795016
3,Australian Grand Prix,ALO,3.0,HARD,14.0,-0.012579410063622036
3,Australian Grand Prix,BOT,1.0,MEDIUM,6.0,-0.05093984962406523
3,Australian Grand Prix,BOT,2.0,HARD,24.0,0.07407811073927643
3,Australian Grand Prix,BOT,3.0,HARD,18.0,0.031852425180596035
3,Australian Grand Prix,GAS,1.0,MEDIUM,15.0,0.09781729323308135
3,Australian Grand Prix,GAS,2.0,HARD,22.0,0.08229561056792213
3,Australian Grand Prix,GAS,3.0,HARD,13.0,-0.02194534412955165
3,Australian Grand Prix,HAM,2.0,HARD,6.0,0.26424586466165173
3,Australian Grand Prix,HUL,1.0,HARD,15.0,0.06746015037593737
3,Australian Grand Prix,HUL,2.0,MEDIUM,16.0,0.11563599071207478
3,Australian Grand Prix,HUL,3.0,HARD,20.0,0.05800977443609168
3,Australian Grand Prix,LEC,1.0,MEDIUM,7.0,0.04823872180450943
3,Australian Grand Prix,LEC,2.0,HARD,21.0,0.04861754645106068
3,Australian Grand Prix,LEC,3.0,HARD,21.0,0.001119890635679333
3,Australian Grand Prix,MAG,2.0,HARD,23.0,0.05726168293880315
3,Australian Grand Prix,MAG,3.0,HARD,22.0,0.10447629944426326
3,Australian Grand Prix,NOR,1.0,MEDIUM,12.0,0.06522598454177062
3,Australian Grand Prix,NOR,2.0,HARD,22.0,0.03902857245608062
3,Australian Grand Prix,NOR,3.0,HARD,15.0,0.017285150375940417
3,Australian Grand Prix,OCO,1.0,MEDIUM,7.0,-0.14704699248120695
3,Australian Grand Prix,OCO,3.0,HARD,24.0,0.09126201372997837
3,Australian Grand Prix,OCO,4.0,HARD,12.0,0.10308612440191489
3,Australian Grand Prix,PER,1.0,MEDIUM,12.0,0.05713157894736819
3,Australian Grand Prix,PER,2.0,HARD,17.0,0.05539019506613604
3,Australian Grand Prix,PER,3.0,HARD,20.0,0.07317218045112922
3,Australian Grand Prix,PIA,1.0,MEDIUM,7.0,0.04823872180451342
3,Australian Grand Prix,PIA,2.0,HARD,26.0,0.06941039222259293
3,Australian Grand Prix,PIA,3.0,HARD,16.0,0.017415402476781295
3,Australian Grand Prix,RIC,2.0,HARD,21.0,0.05989618357351151
3,Australian Grand Prix,RIC,3.0,HARD,25.0,0.02568157894736802
3,Australian Grand Prix,RUS,1.0,MEDIUM,6.0,-0.03502556390977639
3,Australian Grand Prix,RUS,2.0,HARD,33.0,0.020390244489728683
3,Australian Grand Prix,RUS,3.0,HARD,10.0,0.07078309409888217
3,Australian Grand Prix,SAI,1.0,MEDIUM,14.0,0.01684256795835617
3,Australian Grand Prix,SAI,2.0,HARD,22.0,0.055367886118457985
3,Australian Grand Prix,SAI,3.0,HARD,15.0,0.08093872180451167
3,Australian Grand Prix,STR,1.0,MEDIUM,6.0,-0.041196992481206805
3,Australian Grand Prix,STR,2.0,HARD,25.0,0.055274999464364906
3,Australian Grand Prix,STR,3.0,HARD,18.0,-0.013650154798756966
3,Australian Grand Prix,TSU,1.0,MEDIUM,7.0,-0.01683270676691714
3,Australian Grand Prix,TSU,2.0,HARD,23.0,0.0711351735343412
3,Australian Grand Prix,TSU,3.0,HARD,19.0,0.01432280701754239
3,Australian Grand Prix,ZHO,2.0,HARD,25.0,0.01903402348104955
3,Australian Grand Prix,ZHO,3.0,HARD,19.0,0.007687719298244492
4,Japanese Grand Prix,ALO,2.0,SOFT,9.0,0.2552371069182395
4,Japanese Grand Prix,ALO,3.0,MEDIUM,18.0,0.0840403060926444
4,Japanese Grand Prix,ALO,4.0,HARD,18.0,0.05831233603581049
4,Japanese Grand Prix,BOT,3.0,HARD,14.0,0.21011146589259663
4,Japanese Grand Prix,BOT,4.0,HARD,27.0,0.07382457009417014
4,Japanese Grand Prix,GAS,2.0,HARD,12.0,0.25820517218630745
4,Japanese Grand Prix,GAS,3.0,MEDIUM,14.0,0.1082894878706187
4,Japanese Grand Prix,GAS,4.0,HARD,18.0,0.05297965732410435
4,Japanese Grand Prix,HAM,2.0,HARD,19.0,0.12620026481297264
4,Japanese Grand Prix,HAM,3.0,HARD,14.0,0.1472741032552362
4,Japanese Grand Prix,HAM,4.0,MEDIUM,10.0,0.2082511262322593
4,Japanese Grand Prix,HUL,3.0,HARD,26.0,0.12268411546524612
4,Japanese Grand Prix,HUL,4.0,HARD,17.0,0.06332767806545758
4,Japanese Grand Prix,LEC,2.0,MEDIUM,22.0,0.028948776408169893
4,Japanese Grand Prix,LEC,3.0,HARD,25.0,0.016936860369913223
4,Japanese Grand Prix,MAG,2.0,MEDIUM,18.0,0.02599180248067843
4,Japanese Grand Prix,MAG,3.0,HARD,27.0,0.07755927038629767
4,Japanese Grand Prix,NOR,2.0,MEDIUM,7.0,0.27249663072776503
4,Japanese Grand Prix,NOR,3.0,HARD,12.0,0.1536545718432463
4,Japanese Grand Prix,NOR,4.0,HARD,25.0,0.024489649105394206
4,Japanese Grand Prix,OCO,2.0,HARD,15.0,0.14225020215633405
4,Japanese Grand Prix,OCO,3.0,HARD,12.0,0.08422265470378383
4,Japanese Grand Prix,OCO,4.0,MEDIUM,17.0,0.007551213269791185
4,Japanese Grand Prix,PER,2.0,MEDIUM,10.0,0.2558794978606265
4,Japanese Grand Prix,PER,3.0,MEDIUM,16.0,0.06090965593784829
4,Japanese Grand Prix,PER,4.0,HARD,18.0,0.0808396337577248
4,Japanese Grand Prix,PIA,2.0,MEDIUM,8.0,0.27785377358491037
4,Japanese Grand Prix,PIA,3.0,HARD,17.0,0.09662772153618199
4,Japanese Grand Prix,PIA,4.0,HARD,18.0,0.11059963953617877
4,Japanese Grand Prix,RUS,2.0,HARD,18.0,0.11587931538057673
4,Japanese Grand Prix,RUS,3.0,HARD,13.0,0.11902685050798599
4,Japanese Grand Prix,RUS,4.0,MEDIUM,13.0,0.14557634463579425
4,Japanese Grand Prix,SAI,2.0,MEDIUM,11.0,0.16950377358490254
4,Japanese Grand Prix,SAI,3.0,MEDIUM,18.0,0.05519923282123601
4,Japanese Grand Prix,SAI,4.0,HARD,15.0,0.10921021730431878
4,Japanese Grand Prix,SAR,2.0,HARD,17.0,0.010793134248643166
4,Japanese Grand Prix,SAR,3.0,HARD,10.0,0.020409834190966234
4,Japanese Grand Prix,SAR,5.0,SOFT,9.0,0.10890377358491012
4,Japanese Grand Prix,STR,2.0,SOFT,8.0,-0.003920035938904013
4,Japanese Grand Prix,STR,3.0,MEDIUM,8.0,0.28480615453729075
4,Japanese Grand Prix,STR,4.0,HARD,10.0,0.28137347055460704
4,Japanese Grand Prix,STR,5.0,SOFT,16.0,0.14951891083980282
4,Japanese Grand Prix,TSU,3.0,HARD,13.0,0.20263124611237876
4,Japanese Grand Prix,TSU,4.0,HARD,27.0,0.04199113815244755
4,Japanese Grand Prix,VER,2.0,MEDIUM,12.0,0.1972506267317574
4,Japanese Grand Prix,VER,3.0,MEDIUM,16.0,0.10208759711431997
4,Japanese Grand Prix,VER,4.0,HARD,17.0,0.07516174995122739
5,Chinese Grand Prix,ALB,1.0,MEDIUM,7.0,0.18121428571428672
5,Chinese Grand Prix,ALB,2.0,MEDIUM,9.0,0.11883809523809903
5,Chinese Grand Prix,ALB,3.0,HARD,24.0,0.0639245296167235
5,Chinese Grand Prix,ALO,1.0,MEDIUM,9.0,0.3461880952380974
5,Chinese Grand Prix,ALO,2.0,HARD,7.0,-0.0018928571428535263
5,Chinese Grand Prix,ALO,3.0,SOFT,11.0,0.1702987012986987
5,Chinese Grand Prix,ALO,4.0,MEDIUM,12.0,0.16927772227771734
5,Chinese Grand Prix,BOT,1.0,MEDIUM,7.0,0.1310000000000015
5,Chinese Grand Prix,BOT,2.0,HARD,9.0,0.17033809523809812
5,Chinese Grand Prix,GAS,1.0,MEDIUM,8.0,0.1203552123552072
5,Chinese Grand Prix,GAS,2.0,HARD,7.0,0.17178571428571648
5,Chinese Grand Prix,GAS,3.0,HARD,6.0,-0.13862857142856908
5,Chinese Grand Prix,GAS,4.0,MEDIUM,16.0,0.1425983893557437
5,Chinese Grand Prix,HAM,1.0,SOFT,7.0,0.11271428571428463
5,Chinese Grand Prix,HAM,2.0,MEDIUM,9.0,0.20628809523809705
5,Chinese Grand Prix,HAM,3.0,HARD,25.0,0.08615835164835042
5,Chinese Grand Prix,HUL,2.0,HARD,10.0,0.1916865800865808
5,Chinese Grand Prix,HUL,3.0,HARD,25.0,0.08435296703296846
5,Chinese Grand Prix,LEC,1.0,MEDIUM,18.0,0.046696299572459146
5,Chinese Grand Prix,LEC,2.0,HARD,25.0,0.09355758241758212
5,Chinese Grand Prix,MAG,1.0,HARD,15.0,0.07454642857142585
5,Chinese Grand Prix,MAG,3.0,MEDIUM,25.0,0.07774989010988906
5,Chinese Grand Prix,NOR,1.0,MEDIUM,19.0,0.08137318295739307
5,Chinese Grand Prix,NOR,2.0,HARD,25.0,0.11071912087912199
5,Chinese Grand Prix,OCO,1.0,MEDIUM,7.0,0.22367857142856915
5,Chinese Grand Prix,OCO,2.0,HARD,9.0,0.177104761904764
5,Chinese Grand Prix,OCO,3.0,HARD,25.0,0.07024989010989137
5,Chinese Grand Prix,PER,1.0,MEDIUM,11.0,0.15495324675324895
5,Chinese Grand Prix,PER,3.0,HARD,25.0,0.0877606593406585
5,Chinese Grand Prix,PIA,1.0,MEDIUM,14.0,0.15250769230769365
5,Chinese Grand Prix,PIA,3.0,HARD,25.0,0.08460065934066013
5,Chinese Grand Prix,RIC,1.0,MEDIUM,12.0,0.04756443556443729
5,Chinese Grand Prix,RUS,1.0,MEDIUM,9.0,0.29643809523809683
5,Chinese Grand Prix,RUS,2.0,MEDIUM,7.0,0.10482142857143041
5,Chinese Grand Prix,RUS,3.0,HARD,25.0,0.06343373626373633
5,Chinese Grand Prix,SAI,1.0,MEDIUM,15.0,0.11176785714285835
5,Chinese Grand Prix,SAI,2.0,HARD,26.0,0.06083222776212203
5,Chinese Grand Prix,SAR,1.0,SOFT,9.0,0.002213095238097313
5,Chinese Grand Prix,SAR,2.0,MEDIUM,6.0,0.32397142857142247
5,Chinese Grand Prix,SAR,3.0,HARD,25.0,0.09275527472527563
5,Chinese Grand Prix,STR,1.0,SOFT,7.0,0.22710714285714467
5,Chinese Grand Prix,STR,2.0,MEDIUM,9.0,0.15327142857143036
5,Chinese Grand Prix,STR,5.0,HARD,20.0,0.15518045112782
5,Chinese Grand Prix,TSU,1.0,SOFT,6.0,0.1548857142857064
5,Chinese Grand Prix,TSU,2.0,MEDIUM,10.0,0.13952294372294438
5,Chinese Grand Prix,VER,1.0,MEDIUM,11.0,0.16894415584415767
5,Chinese Grand Prix,VER,2.0,HARD,6.0,0.15251428571427952
5,Chinese Grand Prix,VER,3.0,HARD,25.0,0.11237912087912288
5,Chinese Grand Prix,ZHO,1.0,MEDIUM,6.0,0.041342857142851096
5,Chinese Grand Prix,ZHO,2.0,HARD,10.0,0.21534718614718426
5,Chinese Grand Prix,ZHO,3.0,HARD,8.0,-0.05327380952380939
5,Chinese Grand Prix,ZHO,4.0,SOFT,15.0,0.20962142857142577
6,Miami Grand Prix,ALB,1.0,MEDIUM,7.0,0.012414365832606512
6,Miami Grand Prix,ALB,2.0,HARD,32.0,0.030604425628301766
6,Miami Grand Prix,ALO,1.0,HARD,19.0,0.04182622323193876
6,Miami Grand Prix,ALO,2.0,MEDIUM,28.0,0.013403702215674199
6,Miami Grand Prix,BOT,1.0,SOFT,9.0,0.00033157894737436143
6,Miami Grand Prix,BOT,2.0,HARD,13.0,0.04544962886031164
6,Miami Grand Prix,BOT,3.0,MEDIUM,25.0,0.02182004048582868
6,Miami Grand Prix,GAS,1.0,MEDIUM,10.0,0.09455885167464168
6,Miami Grand Prix,GAS,2.0,HARD,36.0,0.0217753687749611
6,Miami Grand Prix,HAM,1.0,HARD,23.0,-0.005534621019689176
6,Miami Grand Prix,HAM,2.0,MEDIUM,25.0,0.002064655870447583
6,Miami Grand Prix,HUL,1.0,MEDIUM,10.0,0.18414066985646074
6,Miami Grand Prix,HUL,2.0,HARD,10.0,0.13804948939513104
6,Miami Grand Prix,HUL,3.0,MEDIUM,25.0,0.0022923481781363963
6,Miami Grand Prix,LEC,1.0,MEDIUM,17.0,0.014886480908150968
6,Miami Grand Prix,LEC,2.0,HARD,31.0,0.022978824702103447
6,Miami Grand Prix,MAG,1.0,HARD,20.0,-0.01808270676691655
6,Miami Grand Prix,MAG,4.0,MEDIUM,25.0,0.08903542510121103
6,Miami Grand Prix,NOR,1.0,MEDIUM,25.0,-0.013439462455008312
6,Miami Grand Prix,NOR,2.0,HARD,25.0,0.05396696356275279
6,Miami Grand Prix,OCO,1.0,MEDIUM,20.0,0.016993984962407734
6,Miami Grand Prix,OCO,2.0,HARD,29.0,0.02158092651557813
6,Miami Grand Prix,PER,1.0,MEDIUM,15.0,0.07517086466165329
6,Miami Grand Prix,PER,2.0,HARD,7.0,-0.048344149207967306
6,Miami Grand Prix,PER,3.0,MEDIUM,25.0,-0.006457651821861699
6,Miami Grand Prix,PIA,1.0,MEDIUM,24.0,0.02856535786767665
6,Miami Grand Prix,PIA,2.0,HARD,7.0,-0.024868421052631907
6,Miami Grand Prix,PIA,3.0,MEDIUM,16.0,0.17355069659442826
6,Miami Grand Prix,RIC,1.0,HARD,24.0,-0.0016825268460820206
6,Miami Grand Prix,RIC,2.0,MEDIUM,25.0,0.010326194331983252
6,Miami Grand Prix,RUS,1.0,MEDIUM,20.0,0.019847368421050185
6,Miami Grand Prix,RUS,2.0,HARD,26.0,0.041880067652427494
6,Miami Grand Prix,SAI,1.0,MEDIUM,24.0,0.02215003653091494
6,Miami Grand Prix,SAI,2.0,HARD,24.0,-0.0005671788166087495
6,Miami Grand Prix,SAR,1.0,MEDIUM,9.0,0.0009149122807023524
6,Miami Grand Prix,SAR,2.0,HARD,13.0,0.06365740599321665
6,Miami Grand Prix,STR,1.0,MEDIUM,9.0,0.02909824561403708
6,Miami Grand Prix,STR,2.0,HARD,11.0,0.0627101060103682
6,Miami Grand Prix,STR,3.0,MEDIUM,22.0,-0.013377454542641618
6,Miami Grand Prix,TSU,1.0,MEDIUM,23.0,0.013263108144959608
6,Miami Grand Prix,TSU,2.0,HARD,25.0,0.010738502024289717
6,Miami Grand Prix,VER,1.0,MEDIUM,20.0,0.03177363311190479
6,Miami Grand Prix,VER,2.0,HARD,28.0,0.0292709361115869
6,Miami Grand Prix,ZHO,1.0,MEDIUM,23.0,0.02687127461880947
6,Miami Grand Prix,ZHO,2.0,SOFT,24.0,0.01665692548202139
7,Emilia Romagna Grand Prix,ALB,1.0,MEDIUM,6.0,-0.06269523809523687
7,Emilia Romagna Grand Prix,ALB,3.0,MEDIUM,12.0,0.11786729936729581
7,Emilia Romagna Grand Prix,ALB,5.0,MEDIUM,21.0,0.06858658008657982
7,Emilia Romagna Grand Prix,ALO,2.0,HARD,31.0,0.09390412826420927
7,Emilia Romagna Grand Prix,ALO,3.0,MEDIUM,17.0,0.2005479691876773
7,Emilia Romagna Grand Prix,BOT,1.0,MEDIUM,6.0,-0.13275238095238234
7,Emilia Romagna Grand Prix,BOT,2.0,HARD,52.0,0.0939511364942789
7,Emilia Romagna Grand Prix,GAS,1.0,SOFT,6.0,-0.09972380952381148
7,Emilia Romagna Grand Prix,GAS,2.0,HARD,20.0,0.12811002506265595
7,Emilia Romagna Grand Prix,GAS,3.0,MEDIUM,31.0,0.08495614439324296
7,Emilia Romagna Grand Prix,HAM,1.0,MEDIUM,24.0,0.07075122153209033
7,Emilia Romagna Grand Prix,HAM,2.0,HARD,35.0,0.0410476190476183
7,Emilia Romagna Grand Prix,HUL,1.0,MEDIUM,11.0,0.10649177489177498
7,Emilia Romagna Grand Prix,HUL,2.0,HARD,46.0,0.05934154684119001
7,Emilia Romagna Grand Prix,LEC,1.0,MEDIUM,23.0,0.09221292113683119
7,Emilia Romagna Grand Prix,LEC,2.0,HARD,36.0,0.05500234359795303
7,Emilia Romagna Grand Prix,MAG,1.0,MEDIUM,35.0,0.0658212885154053
7,Emilia Romagna Grand Prix,MAG,2.0,HARD,24.0,0.025499917184266058
7,Emilia Romagna Grand Prix,NOR,1.0,MEDIUM,20.0,0.10621228070175541
7,Emilia Romagna Grand Prix,NOR,2.0,HARD,39.0,0.03116772410478314
7,Emilia Romagna Grand Prix,OCO,1.0,MEDIUM,23.0,0.09103011481272148
7,Emilia Romagna Grand Prix,OCO,2.0,HARD,36.0,0.0684670527670519
7,Emilia Romagna Grand Prix,PER,1.0,HARD,34.0,0.06346022214890495
7,Emilia Romagna Grand Prix,PER,2.0,MEDIUM,25.0,0.04451673992673844
7,Emilia Romagna Grand Prix,PIA,1.0,MEDIUM,21.0,0.09585670995670974
7,Emilia Romagna Grand Prix,PIA,2.0,HARD,39.0,0.0514040678619617
7,Emilia Romagna Grand Prix,RIC,1.0,MEDIUM,9.0,0.05456904761904879
7,Emilia Romagna Grand Prix,RIC,2.0,HARD,50.0,0.0583697318927568
7,Emilia Romagna Grand Prix,RUS,1.0,MEDIUM,19.0,0.09319974937343208
7,Emilia Romagna Grand Prix,RUS,2.0,HARD,29.0,0.04812397372742123
7,Emilia Romagna Grand Prix,RUS,3.0,MEDIUM,10.0,0.2528008658008685
7,Emilia Romagna Grand Prix,SAI,1.0,MEDIUM,25.0,0.07936058608058487
7,Emilia Romagna Grand Prix,SAI,2.0,HARD,35.0,0.05425770308123232
7,Emilia Romagna Grand Prix,SAR,1.0,HARD,29.0,0.06994417077175648
7,Emilia Romagna Grand Prix,SAR,2.0,MEDIUM,30.0,0.08029624450447423
7,Emilia Romagna Grand Prix,STR,1.0,MEDIUM,35.0,0.06230728291316615
7,Emilia Romagna Grand Prix,STR,2.0,HARD,25.0,0.06792520146520156
7,Emilia Romagna Grand Prix,TSU,1.0,MEDIUM,10.0,0.09058268398268808
7,Emilia Romagna Grand Prix,TSU,2.0,HARD,48.0,0.05614976435374199
7,Emilia Romagna Grand Prix,VER,1.0,MEDIUM,19.0,0.10433332412980939
7,Emilia Romagna Grand Prix,VER,2.0,HARD,38.0,0.04823519818256631
7,Emilia Romagna Grand Prix,ZHO,1.0,HARD,31.0,0.05721178955453219
7,Emilia Romagna Grand Prix,ZHO,2.0,MEDIUM,28.0,0.09081773399014621
8,Monaco Grand Prix,ALB,2.0,HARD,73.0,-0.010630256398975357
8,Monaco Grand Prix,ALO,2.0,MEDIUM,72.0,-0.01576734023430341
8,Monaco Grand Prix,BOT,2.0,MEDIUM,11.0,-0.20427482517482481
8,Monaco Grand Prix,BOT,3.0,HARD,58.0,0.000932967433710065
8,Monaco Grand Prix,GAS,2.0,MEDIUM,73.0,-0.01495823671244148
8,Monaco Grand Prix,HAM,2.0,MEDIUM,47.0,-0.05584928485021033
8,Monaco Grand Prix,HAM,3.0,HARD,25.0,0.020470512820512102
8,Monaco Grand Prix,LEC,2.0,HARD,75.0,-0.029173985565921528
8,Monaco Grand Prix,NOR,2.0,HARD,73.0,-0.025750047287106805
8,Monaco Grand Prix,PIA,2.0,HARD,74.0,-0.021061120689910968
8,Monaco Grand Prix,RIC,2.0,HARD,70.0,-0.01652988684842202
8,Monaco Grand Prix,RUS,2.0,MEDIUM,74.0,-0.050958685219608967
8,Monaco Grand Prix,SAI,2.0,HARD,74.0,-0.023944416061103396
8,Monaco Grand Prix,SAR,2.0,HARD,52.0,0.018899807831851467
8,Monaco Grand Prix,SAR,3.0,MEDIUM,18.0,0.0772541081209792
8,Monaco Grand Prix,STR,2.0,MEDIUM,38.0,-0.03385140606193313
8,Monaco Grand Prix,STR,4.0,SOFT,26.0,0.047721280063606666
8,Monaco Grand Prix,TSU,2.0,HARD,72.0,-0.025745800619907135
8,Monaco Grand Prix,VER,2.0,MEDIUM,48.0,-0.04676192007081057
8,Monaco Grand Prix,VER,3.0,HARD,25.0,0.0463215384615387
8,Monaco Grand Prix,ZHO,2.0,HARD,63.0,0.0005206415000813096
9,Canadian Grand Prix,ALO,3.0,HARD,14.0,-0.19669279710574397
9,Canadian Grand Prix,BOT,2.0,MEDIUM,15.0,-0.12213072555607524
9,Canadian Grand Prix,GAS,3.0,HARD,17.0,-0.15038021346469416
9,Canadian Grand Prix,HAM,4.0,HARD,10.0,-0.2630886810706241
9,Canadian Grand Prix,HUL,4.0,MEDIUM,16.0,-0.1775541026083948
9,Canadian Grand Prix,MAG,5.0,MEDIUM,10.0,-0.33337529861442977
9,Canadian Grand Prix,NOR,3.0,MEDIUM,12.0,-0.11167946091644192
9,Canadian Grand Prix,OCO,2.0,MEDIUM,15.0,-0.13453276539973866
9,Canadian Grand Prix,PIA,3.0,MEDIUM,15.0,-0.21071852948094605
9,Canadian Grand Prix,RIC,3.0,MEDIUM,15.0,-0.19277340194785933
9,Canadian Grand Prix,RUS,4.0,MEDIUM,9.0,-0.26766988416988585
9,Canadian Grand Prix,STR,3.0,HARD,14.0,-0.15083350226893452
9,Canadian Grand Prix,TSU,2.0,MEDIUM,14.0,-0.11432056699985985
9,Canadian Grand Prix,VER,3.0,MEDIUM,14.0,-0.20071564735956318
9,Canadian Grand Prix,ZHO,4.0,MEDIUM,11.0,-0.2337528183330301
10,Spanish Grand Prix,ALB,1.0,MEDIUM,15.0,0.0789926737041091
10,Spanish Grand Prix,ALB,2.0,SOFT,22.0,0.1121524562394132
10,Spanish Grand Prix,ALB,3.0,SOFT,20.0,0.007212549530540338
10,Spanish Grand Prix,ALO,1.0,SOFT,15.0,0.014746753246752729
10,Spanish Grand Prix,ALO,2.0,MEDIUM,24.0,0.04381280632411085
10,Spanish Grand Prix,ALO,3.0,HARD,19.0,0.11365980861243678
10,Spanish Grand Prix,BOT,1.0,SOFT,8.0,0.023260851760848935
10,Spanish Grand Prix,BOT,2.0,SOFT,15.0,0.2582974025974036
10,Spanish Grand Prix,BOT,3.0,HARD,36.0,0.055019539019538974
10,Spanish Grand Prix,GAS,1.0,SOFT,11.0,0.1174328063241129
10,Spanish Grand Prix,GAS,2.0,MEDIUM,22.0,0.11265160926030433
10,Spanish Grand Prix,GAS,3.0,HARD,27.0,0.06861632811632774
10,Spanish Grand Prix,HAM,1.0,SOFT,13.0,0.132922757870401
10,Spanish Grand Prix,HAM,2.0,MEDIUM,22.0,0.05524722698247713
10,Spanish Grand Prix,HAM,3.0,SOFT,22.0,0.0930011293054761
10,Spanish Grand Prix,HUL,1.0,SOFT,9.0,0.057998663101604696
10,Spanish Grand Prix,HUL,2.0,MEDIUM,24.0,0.05896193675889291
10,Spanish Grand Prix,HUL,3.0,HARD,27.0,0.06306626706626638
10,Spanish Grand Prix,LEC,1.0,SOFT,21.0,0.06055633305891947
10,Spanish Grand Prix,LEC,2.0,MEDIUM,21.0,0.07824155844155856
10,Spanish Grand Prix,LEC,3.0,SOFT,18.0,0.11235031428839753
10,Spanish Grand Prix,MAG,1.0,SOFT,7.0,-0.033929512516476155
10,Spanish Grand Prix,MAG,2.0,MEDIUM,17.0,0.10846189839571951
10,Spanish Grand Prix,MAG,3.0,HARD,35.0,0.08068927934810222
10,Spanish Grand Prix,NOR,1.0,SOFT,20.0,0.046643219330471254
10,Spanish Grand Prix,NOR,2.0,MEDIUM,22.0,0.030014680971202693
10,Spanish Grand Prix,NOR,3.0,SOFT,17.0,0.10000846702317202
10,Spanish Grand Prix,OCO,1.0,SOFT,10.0,0.09607892107891922
10,Spanish Grand Prix,OCO,2.0,MEDIUM,22.0,0.1163625070581599
10,Spanish Grand Prix,OCO,3.0,HARD,28.0,0.040319077474249225
10,Spanish Grand Prix,PER,1.0,SOFT,10.0,0.027156843156844128
10,Spanish Grand Prix,PER,2.0,SOFT,16.0,0.123770721925134
10,Spanish Grand Prix,PER,3.0,MEDIUM,16.0,0.09130454545454665
10,Spanish Grand Prix,PER,4.0,SOFT,16.0,0.12957807486631065
10,Spanish Grand Prix,PIA,1.0,SOFT,18.0,0.08203499351971719
10,Spanish Grand Prix,PIA,2.0,MEDIUM,23.0,0.04440513833991892
10,Spanish Grand Prix,PIA,3.0,SOFT,19.0,0.06935980861243952
10,Spanish Grand Prix,RIC,1.0,SOFT,13.0,-0.03841531243625448
10,Spanish Grand Prix,RIC,2.0,MEDIUM,23.0,0.06457081307085104
10,Spanish Grand Prix,RIC,3.0,HARD,22.0,-0.05753359683794493
10,Spanish Grand Prix,RUS,1.0,SOFT,12.0,0.12353146853146839
10,Spanish Grand Prix,RUS,2.0,MEDIUM,19.0,0.09753349282296689
10,Spanish Grand Prix,RUS,3.0,HARD,29.0,0.06094518584863418
10,Spanish Grand Prix,SAI,1.0,SOFT,11.0,0.1129212121212154
10,Spanish Grand Prix,SAI,2.0,MEDIUM,18.0,0.06402330952357779
10,Spanish Grand Prix,SAI,3.0,HARD,29.0,0.06166242722794256
10,Spanish Grand Prix,SAR,1.0,SOFT,10.0,-0.0358086629988639
10,Spanish Grand Prix,SAR,2.0,MEDIUM,18.0,0.15571873534102565
10,Spanish Grand Prix,SAR,3.0,HARD,28.0,0.11989196563334516
10,Spanish Grand Prix,STR,1.0,SOFT,14.0,0.013676266187973128
10,Spanish Grand Prix,STR,2.0,MEDIUM,18.0,0.07986321418520044
10,Spanish Grand Prix,STR,3.0,HARD,27.0,0.047917304917304365
10,Spanish Grand Prix,TSU,2.0,MEDIUM,15.0,0.07875563044550303
10,Spanish Grand Prix,TSU,3.0,HARD,15.0,0.2335474025974025
10,Spanish Grand Prix,TSU,4.0,SOFT,20.0,0.03436732740943361
10,Spanish Grand Prix,VER,1.0,SOFT,14.0,0.1328697781766893
10,Spanish Grand Prix,VER,2.0,MEDIUM,25.0,0.05377839160839033
10,Spanish Grand Prix,VER,3.0,SOFT,21.0,0.10328571428571492
10,Spanish Grand Prix,ZHO,1.0,SOFT,6.0,0.0018520609824853684
10,Spanish Grand Prix,ZHO,2.0,MEDIUM,30.0,0.06494976236222083
10,Spanish Grand Prix,ZHO,3.0,HARD,23.0,0.10079743083003705
11,Austrian Grand Prix,ALB,1.0,MEDIUM,10.0,0.04534443021766692
11,Austrian Grand Prix,ALB,2.0,HARD,25.0,0.08465967497291356
11,Austrian Grand Prix,ALB,3.0,HARD,28.0,0.07487177562375961
11,Austrian Grand Prix,ALO,1.0,MEDIUM,9.0,0.022920187793428217
11,Austrian Grand Prix,ALO,2.0,MEDIUM,22.0,0.08494747934245854
11,Austrian Grand Prix,ALO,3.0,HARD,27.0,0.09690066744016917
11,Austrian Grand Prix,BOT,1.0,MEDIUM,17.0,0.06604273681303441
11,Austrian Grand Prix,BOT,2.0,HARD,21.0,0.07421715749039634
11,Austrian Grand Prix,BOT,3.0,HARD,25.0,0.05411079095475209
11,Austrian Grand Prix,GAS,1.0,MEDIUM,18.0,0.12723804125059893
11,Austrian Grand Prix,GAS,2.0,HARD,19.0,0.08843285930270728
11,Austrian Grand Prix,GAS,3.0,MEDIUM,25.0,0.0830653240556707
11,Austrian Grand Prix,HAM,1.0,MEDIUM,19.0,0.10836053867061782
11,Austrian Grand Prix,HAM,2.0,HARD,30.0,0.08539078475301098
11,Austrian Grand Prix,HAM,3.0,MEDIUM,14.0,0.06820066009133623
11,Austrian Grand Prix,HUL,1.0,MEDIUM,9.0,0.2327701877934318
11,Austrian Grand Prix,HUL,2.0,HARD,26.0,0.07401625616949495
11,Austrian Grand Prix,HUL,3.0,HARD,28.0,0.044954920266739015
11,Austrian Grand Prix,LEC,2.0,HARD,13.0,0.1729623123355543
11,Austrian Grand Prix,LEC,3.0,MEDIUM,15.0,0.01626066398390418
11,Austrian Grand Prix,LEC,4.0,MEDIUM,15.0,0.11292725685269611
11,Austrian Grand Prix,LEC,5.0,MEDIUM,17.0,0.07231865159814234
11,Austrian Grand Prix,MAG,1.0,MEDIUM,8.0,0.13052733065057281
11,Austrian Grand Prix,MAG,2.0,HARD,26.0,0.06378001685325509
11,Austrian Grand Prix,MAG,3.0,HARD,29.0,0.06680437432095117
11,Austrian Grand Prix,NOR,1.0,MEDIUM,20.0,0.11040290738949325
11,Austrian Grand Prix,NOR,2.0,HARD,26.0,0.08793693993017855
11,Austrian Grand Prix,NOR,3.0,MEDIUM,9.0,0.21608932621150945
11,Austrian Grand Prix,OCO,1.0,MEDIUM,17.0,0.1261922466169563
11,Austrian Grand Prix,OCO,2.0,HARD,22.0,0.0979491733006735
11,Austrian Grand Prix,OCO,3.0,MEDIUM,25.0,0.09576022099327787
11,Austrian Grand Prix,PER,1.0,MEDIUM,19.0,0.10553773165307571
11,Austrian Grand Prix,PER,2.0,HARD,28.0,0.0805315725772247
11,Austrian Grand Prix,PER,3.0,MEDIUM,16.0,0.10783315075638981
11,Austrian Grand Prix,PIA,1.0,MEDIUM,23.0,0.08209838278683627
11,Austrian Grand Prix,PIA,2.0,HARD,24.0,0.08257265156154357
11,Austrian Grand Prix,PIA,3.0,MEDIUM,16.0,0.07924798022966302
11,Austrian Grand Prix,RIC,1.0,MEDIUM,8.0,0.054848759222002566
11,Austrian Grand Prix,RIC,2.0,HARD,25.0,0.0643073672806082
11,Austrian Grand Prix,RIC,3.0,HARD,30.0,0.053091194856682185
11,Austrian Grand Prix,RUS,1.0,MEDIUM,20.0,0.11019111511172448
11,Austrian Grand Prix,RUS,2.0,MEDIUM,22.0,0.11527893049999523
11,Austrian Grand Prix,RUS,3.0,HARD,22.0,0.054860729999218566
11,Austrian Grand Prix,SAI,1.0,MEDIUM,20.0,0.11009337075082158
11,Austrian Grand Prix,SAI,2.0,HARD,23.0,0.09707960808328106
11,Austrian Grand Prix,SAI,3.0,MEDIUM,21.0,0.06606827685956317
11,Austrian Grand Prix,SAR,2.0,MEDIUM,17.0,0.1575500897542103
11,Austrian Grand Prix,SAR,3.0,HARD,27.0,0.0410007738740136
11,Austrian Grand Prix,SAR,4.0,MEDIUM,16.0,0.11672232846621115
11,Austrian Grand Prix,STR,1.0,MEDIUM,18.0,0.10568592566752735
11,Austrian Grand Prix,STR,2.0,MEDIUM,21.0,0.08985092372416208
11,Austrian Grand Prix,STR,3.0,HARD,24.0,0.1065978827155587
11,Austrian Grand Prix,TSU,1.0,MEDIUM,19.0,0.11755176674079496
11,Austrian Grand Prix,TSU,2.0,HARD,20.0,0.07971226808619739
11,Austrian Grand Prix,TSU,3.0,HARD,23.0,0.05513282532580368
11,Austrian Grand Prix,VER,1.0,MEDIUM,21.0,0.13029378086701954
11,Austrian Grand Prix,VER,2.0,HARD,26.0,0.09600599975923842
11,Austrian Grand Prix,VER,3.0,MEDIUM,10.0,0.1786717029449463
11,Austrian Grand Prix,ZHO,1.0,HARD,25.0,0.11477870560797673
11,Austrian Grand Prix,ZHO,2.0,MEDIUM,21.0,0.07790417047741115
11,Austrian Grand Prix,ZHO,3.0,HARD,15.0,0.04874905684104775
12,British Grand Prix,ALB,1.0,MEDIUM,17.0,0.11357711161387392
12,British Grand Prix,ALB,3.0,MEDIUM,11.0,-0.023569302214815697
12,British Grand Prix,ALO,1.0,MEDIUM,17.0,0.1276653469079945
12,British Grand Prix,ALO,3.0,MEDIUM,11.0,0.08213245217115048
12,British Grand Prix,BOT,1.0,MEDIUM,17.0,0.07314573906485503
12,British Grand Prix,BOT,3.0,SOFT,12.0,-0.17527130354674772
12,British Grand Prix,HAM,1.0,MEDIUM,17.0,0.16046191553544337
12,British Grand Prix,HAM,3.0,SOFT,12.0,0.03824735145094389
12,British Grand Prix,HUL,1.0,MEDIUM,17.0,0.16860162141779736
12,British Grand Prix,HUL,3.0,SOFT,11.0,0.061236938998908176
12,British Grand Prix,LEC,1.0,MEDIUM,17.0,0.16069720965308962
12,British Grand Prix,LEC,4.0,SOFT,12.0,0.08296913864578703
12,British Grand Prix,MAG,1.0,MEDIUM,17.0,0.07573152337858295
12,British Grand Prix,MAG,3.0,SOFT,12.0,0.03299646199498031
12,British Grand Prix,NOR,1.0,MEDIUM,17.0,0.11048642533936204
12,British Grand Prix,NOR,3.0,SOFT,11.0,0.1775040800079623
12,British Grand Prix,OCO,1.0,SOFT,15.0,0.20381730769230355
12,British Grand Prix,OCO,5.0,MEDIUM,10.0,0.16178889860140003
12,British Grand Prix,PER,1.0,HARD,17.0,0.1731432880844602
12,British Grand Prix,PER,4.0,MEDIUM,6.0,-0.3122518983162684
12,British Grand Prix,PIA,1.0,MEDIUM,17.0,0.12372417043740462
12,British Grand Prix,PIA,3.0,MEDIUM,12.0,0.04058959005067302
12,British Grand Prix,RIC,1.0,MEDIUM,17.0,0.16817760180995353
12,British Grand Prix,RIC,3.0,SOFT,12.0,0.1911202210962723
12,British Grand Prix,RUS,1.0,MEDIUM,17.0,0.2096653469079909
12,British Grand Prix,SAI,1.0,MEDIUM,17.0,0.13592024886877632
12,British Grand Prix,SAI,3.0,HARD,8.0,-0.04737435897435374
12,British Grand Prix,SAR,1.0,MEDIUM,16.0,0.11644044832787102
12,British Grand Prix,SAR,3.0,SOFT,11.0,0.153742359291893
12,British Grand Prix,STR,1.0,MEDIUM,17.0,0.1780182880844623
12,British Grand Prix,STR,3.0,MEDIUM,10.0,0.04730254095039604
12,British Grand Prix,TSU,1.0,MEDIUM,17.0,0.1336702488687749
12,British Grand Prix,TSU,3.0,SOFT,11.0,0.10916547590695833
12,British Grand Prix,VER,1.0,MEDIUM,17.0,0.2100280920060322
12,British Grand Prix,VER,3.0,HARD,12.0,0.01998019345924321
12,British Grand Prix,ZHO,1.0,SOFT,10.0,0.3595771561771569
12,British Grand Prix,ZHO,5.0,SOFT,11.0,0.008653497860483451
13,Hungarian Grand Prix,ALB,2.0,HARD,21.0,0.09381558441558381
13,Hungarian Grand Prix,ALB,3.0,HARD,38.0,0.08001868790832285
13,Hungarian Grand Prix,ALO,2.0,MEDIUM,28.0,0.01958784893267851
13,Hungarian Grand Prix,ALO,3.0,HARD,31.0,0.07554342257877647
13,Hungarian Grand Prix,BOT,1.0,MEDIUM,14.0,-0.0709626373626393
13,Hungarian Grand Prix,BOT,2.0,HARD,27.0,0.04075946275946219
13,Hungarian Grand Prix,BOT,3.0,HARD,21.0,0.10980162491536503
13,Hungarian Grand Prix,GAS,1.0,HARD,25.0,0.02422752140255408
13,Hungarian Grand Prix,HAM,1.0,MEDIUM,14.0,0.05660219780219713
13,Hungarian Grand Prix,HAM,2.0,HARD,22.0,0.128194240542067
13,Hungarian Grand Prix,HAM,3.0,HARD,28.0,0.045214727800937084
13,Hungarian Grand Prix,HUL,2.0,HARD,25.0,0.13147483516483416
13,Hungarian Grand Prix,HUL,3.0,HARD,38.0,0.09620580076690946
13,Hungarian Grand Prix,LEC,1.0,MEDIUM,21.0,0.05329740259740094
13,Hungarian Grand Prix,LEC,2.0,HARD,15.0,0.18084642857142436
13,Hungarian Grand Prix,LEC,3.0,MEDIUM,28.0,0.050274220032841835
13,Hungarian Grand Prix,MAG,2.0,HARD,26.0,0.07885440781440604
13,Hungarian Grand Prix,MAG,3.0,HARD,32.0,0.09930296951976982
13,Hungarian Grand Prix,NOR,1.0,MEDIUM,15.0,0.0667357142857141
13,Hungarian Grand Prix,NOR,2.0,HARD,26.0,0.0876417582417578
13,Hungarian Grand Prix,NOR,3.0,MEDIUM,23.0,0.13635352245966983
13,Hungarian Grand Prix,OCO,2.0,HARD,22.0,0.09183963862224631
13,Hungarian Grand Prix,OCO,3.0,HARD,30.0,0.07807952706060453
13,Hungarian Grand Prix,PER,1.0,HARD,26.0,0.01465611721611666
13,Hungarian Grand Prix,PER,2.0,MEDIUM,17.0,-0.006897759103642812
13,Hungarian Grand Prix,PER,3.0,MEDIUM,21.0,0.16522164605359033
13,Hungarian Grand Prix,PIA,1.0,MEDIUM,16.0,0.05872184873949926
13,Hungarian Grand Prix,PIA,2.0,HARD,26.0,0.09746092796092884
13,Hungarian Grand Prix,PIA,3.0,MEDIUM,21.0,0.08782352941176395
13,Hungarian Grand Prix,RIC,2.0,HARD,19.0,0.0819588972431044
13,Hungarian Grand Prix,RIC,3.0,HARD,39.0,0.0918953731914354
13,Hungarian Grand Prix,RUS,1.0,HARD,31.0,0.029066417050691903
13,Hungarian Grand Prix,RUS,2.0,MEDIUM,18.0,0.061458794043931717
13,Hungarian Grand Prix,RUS,3.0,HARD,15.0,0.23109379905808353
13,Hungarian Grand Prix,SAI,1.0,MEDIUM,19.0,0.03822907268170275
13,Hungarian Grand Prix,SAI,2.0,HARD,24.0,0.0636410559006209
13,Hungarian Grand Prix,SAI,3.0,MEDIUM,21.0,0.13076355996944153
13,Hungarian Grand Prix,SAR,1.0,MEDIUM,6.0,-0.19317142857143346
13,Hungarian Grand Prix,SAR,2.0,HARD,23.0,0.07165457368718038
13,Hungarian Grand Prix,SAR,3.0,HARD,27.0,0.1003726698402804
13,Hungarian Grand Prix,STR,1.0,SOFT,12.0,-0.11195754245754143
13,Hungarian Grand Prix,STR,2.0,MEDIUM,29.0,0.020007881773396942
13,Hungarian Grand Prix,STR,3.0,HARD,23.0,0.1109893878487327
13,Hungarian Grand Prix,TSU,1.0,MEDIUM,27.0,0.05176556776556833
13,Hungarian Grand Prix,TSU,2.0,HARD,38.0,0.03461098081539722
13,Hungarian Grand Prix,VER,1.0,MEDIUM,19.0,0.05622907268170211
13,Hungarian Grand Prix,VER,2.0,HARD,25.0,0.1073935527488169
13,Hungarian Grand Prix,VER,3.0,MEDIUM,18.0,0.1323576317894945
13,Hungarian Grand Prix,ZHO,2.0,HARD,27.0,0.11626068376068371
13,Hungarian Grand Prix,ZHO,3.0,HARD,31.0,0.08237127875507513
14,Belgian Grand Prix,ALB,1.0,MEDIUM,6.0,0.09701038961038982
14,Belgian Grand Prix,ALB,2.0,MEDIUM,12.0,0.06447246765210979
14,Belgian Grand Prix,ALB,3.0,HARD,20.0,0.07316753246753344
14,Belgian Grand Prix,ALO,1.0,MEDIUM,11.0,0.09025454545454335
14,Belgian Grand Prix,ALO,2.0,MEDIUM,29.0,-0.01045414240931733
14,Belgian Grand Prix,BOT,1.0,MEDIUM,9.0,0.08673181818182302
14,Belgian Grand Prix,BOT,2.0,HARD,21.0,-0.003002469716574165
14,Belgian Grand Prix,BOT,3.0,MEDIUM,8.0,0.15083658008658252
14,Belgian Grand Prix,GAS,1.0,MEDIUM,7.0,0.13443181818182098
14,Belgian Grand Prix,GAS,2.0,HARD,16.0,0.028683096954195714
14,Belgian Grand Prix,GAS,3.0,HARD,15.0,0.08726753246753188
14,Belgian Grand Prix,HAM,1.0,MEDIUM,9.0,0.09968181818182104
14,Belgian Grand Prix,HAM,2.0,HARD,11.0,0.07832617908407728
14,Belgian Grand Prix,HAM,3.0,HARD,17.0,0.07538524955436365
14,Belgian Grand Prix,HUL,2.0,HARD,9.0,0.24817671614100292
14,Belgian Grand Prix,HUL,3.0,MEDIUM,23.0,0.05036363636363328
14,Belgian Grand Prix,LEC,1.0,MEDIUM,10.0,0.04064242424242046
14,Belgian Grand Prix,LEC,2.0,HARD,10.0,0.11301948051947863
14,Belgian Grand Prix,LEC,3.0,HARD,18.0,0.07681030115395288
14,Belgian Grand Prix,MAG,1.0,MEDIUM,14.0,0.04840075309305762
14,Belgian Grand Prix,MAG,2.0,HARD,25.0,0.011842064981497783
14,Belgian Grand Prix,NOR,1.0,MEDIUM,12.0,0.03379020979021277
14,Belgian Grand Prix,NOR,2.0,HARD,11.0,0.039221945570354085
14,Belgian Grand Prix,NOR,3.0,HARD,14.0,0.1608389610389611
14,Belgian Grand Prix,OCO,1.0,MEDIUM,10.0,0.10956363636363585
14,Belgian Grand Prix,OCO,2.0,HARD,15.0,-0.01749178037152712
14,Belgian Grand Prix,OCO,3.0,HARD,13.0,-0.015752247752242723
14,Belgian Grand Prix,PER,1.0,MEDIUM,9.0,0.0708818181818212
14,Belgian Grand Prix,PER,2.0,MEDIUM,7.0,0.15970718050064792
14,Belgian Grand Prix,PER,3.0,HARD,19.0,0.10028357256778168
14,Belgian Grand Prix,PIA,1.0,MEDIUM,9.0,0.0919984848484894
14,Belgian Grand Prix,PIA,2.0,HARD,16.0,0.02636978302292903
14,Belgian Grand Prix,PIA,3.0,HARD,13.0,0.05415434565435133
14,Belgian Grand Prix,RIC,1.0,SOFT,6.0,-0.0009896103896157216
14,Belgian Grand Prix,RIC,2.0,MEDIUM,10.0,0.08821818181818789
14,Belgian Grand Prix,RIC,3.0,SOFT,22.0,0.039666854884245234
14,Belgian Grand Prix,RUS,1.0,MEDIUM,8.0,0.09227705627705651
14,Belgian Grand Prix,RUS,2.0,HARD,32.0,0.015796311289053996
14,Belgian Grand Prix,SAI,1.0,HARD,17.0,-0.02193174889135238
14,Belgian Grand Prix,SAI,2.0,MEDIUM,6.0,0.08278181818181642
14,Belgian Grand Prix,SAI,3.0,HARD,13.0,0.06399266862170537
14,Belgian Grand Prix,SAR,1.0,MEDIUM,6.0,-0.01864675324675446
14,Belgian Grand Prix,SAR,2.0,MEDIUM,13.0,0.206181134654819
14,Belgian Grand Prix,SAR,3.0,HARD,18.0,0.04869910019281675
14,Belgian Grand Prix,STR,1.0,MEDIUM,9.0,0.08643181818182619
14,Belgian Grand Prix,STR,2.0,MEDIUM,30.0,0.027022723281049262
14,Belgian Grand Prix,TSU,1.0,MEDIUM,13.0,0.080626873126873
14,Belgian Grand Prix,TSU,2.0,SOFT,28.0,0.004193312434689596
14,Belgian Grand Prix,VER,1.0,MEDIUM,8.0,0.13294372294372367
14,Belgian Grand Prix,VER,2.0,HARD,15.0,0.027777295568752945
14,Belgian Grand Prix,VER,3.0,MEDIUM,15.0,0.13933538961038974
15,Dutch Grand Prix,ALB,1.0,MEDIUM,10.0,-0.07840606060606177
15,Dutch Grand Prix,ALB,2.0,HARD,40.0,0.04816826141338259
15,Dutch Grand Prix,ALB,3.0,MEDIUM,16.0,-0.011187745098038335
15,Dutch Grand Prix,ALO,1.0,MEDIUM,29.0,0.04819573070607443
15,Dutch Grand Prix,ALO,2.0,HARD,39.0,0.02737031039136505
15,Dutch Grand Prix,BOT,1.0,SOFT,13.0,0.04708424908425233
15,Dutch Grand Prix,BOT,2.0,HARD,26.0,0.09766564102564095
15,Dutch Grand Prix,BOT,3.0,MEDIUM,26.0,0.0390547008546998
15,Dutch Grand Prix,GAS,1.0,MEDIUM,30.0,0.06218257322951465
15,Dutch Grand Prix,GAS,2.0,HARD,37.0,0.021050548324366328
15,Dutch Grand Prix,HAM,1.0,SOFT,21.0,0.0384757575757571
15,Dutch Grand Prix,HAM,2.0,HARD,23.0,0.013964097496704096
15,Dutch Grand Prix,HAM,3.0,SOFT,23.0,0.08647793148879818
15,Dutch Grand Prix,HUL,1.0,MEDIUM,12.0,0.10914568764568722
15,Dutch Grand Prix,HUL,2.0,HARD,56.0,0.037362018683070736
15,Dutch Grand Prix,LEC,1.0,MEDIUM,22.0,0.03853792584227382
15,Dutch Grand Prix,LEC,2.0,HARD,47.0,0.02883063521430919
15,Dutch Grand Prix,MAG,1.0,HARD,37.0,0.055883532146804506
15,Dutch Grand Prix,MAG,2.0,MEDIUM,30.0,0.07774964775676603
15,Dutch Grand Prix,NOR,1.0,MEDIUM,26.0,0.013555897435896233
15,Dutch Grand Prix,NOR,2.0,HARD,43.0,0.04473930333232726
15,Dutch Grand Prix,OCO,1.0,MEDIUM,28.0,0.04367049808429087
15,Dutch Grand Prix,OCO,2.0,HARD,40.0,0.05122248280175145
15,Dutch Grand Prix,PER,1.0,MEDIUM,27.0,0.04128083028082876
15,Dutch Grand Prix,PER,2.0,HARD,42.0,0.04008591956351455
15,Dutch Grand Prix,PIA,1.0,MEDIUM,31.0,0.02872029569892584
15,Dutch Grand Prix,PIA,2.0,HARD,38.0,0.05526717000401174
15,Dutch Grand Prix,RIC,1.0,MEDIUM,27.0,0.02369108669108708
15,Dutch Grand Prix,RIC,2.0,HARD,41.0,0.027409001161440755
15,Dutch Grand Prix,RUS,1.0,MEDIUM,23.0,0.04961725955204161
15,Dutch Grand Prix,RUS,2.0,HARD,27.0,0.02108241758241832
15,Dutch Grand Prix,RUS,3.0,SOFT,17.0,0.06470098039215327
15,Dutch Grand Prix,SAI,1.0,MEDIUM,28.0,0.02269458128078639
15,Dutch Grand Prix,SAI,2.0,HARD,40.0,0.03842785669614955
15,Dutch Grand Prix,SAR,1.0,MEDIUM,20.0,0.034708020050124
15,Dutch Grand Prix,SAR,2.0,HARD,48.0,0.05247067231147725
15,Dutch Grand Prix,STR,1.0,MEDIUM,28.0,0.06100246305418619
15,Dutch Grand Prix,STR,2.0,HARD,40.0,0.03449405878674174
15,Dutch Grand Prix,TSU,1.0,SOFT,12.0,0.043268065268063115
15,Dutch Grand Prix,TSU,2.0,MEDIUM,16.0,0.1430607843137279
15,Dutch Grand Prix,TSU,3.0,HARD,38.0,0.055834409308093795
15,Dutch Grand Prix,VER,1.0,MEDIUM,25.0,0.0549843589743586
15,Dutch Grand Prix,VER,2.0,HARD,44.0,0.04737455954897923
15,Dutch Grand Prix,ZHO,1.0,MEDIUM,16.0,0.012249019607844738
15,Dutch Grand Prix,ZHO,2.0,HARD,30.0,0.08540006812490722
15,Dutch Grand Prix,ZHO,3.0,SOFT,17.0,0.04860068931561093
16,Italian Grand Prix,ALB,1.0,MEDIUM,14.0,0.025313241040523536
16,Italian Grand Prix,ALB,2.0,HARD,33.0,0.02525640901682374
16,Italian Grand Prix,ALO,1.0,MEDIUM,10.0,-0.07123865065751897
16,Italian Grand Prix,ALO,2.0,HARD,20.0,0.05356266459828963
16,Italian Grand Prix,ALO,3.0,HARD,17.0,0.038763087310392755
16,Italian Grand Prix,BOT,1.0,HARD,31.0,0.04744933810103575
16,Italian Grand Prix,BOT,2.0,MEDIUM,18.0,-0.056463305878455806
16,Italian Grand Prix,COL,1.0,MEDIUM,14.0,0.024401575782707602
16,Italian Grand Prix,COL,2.0,HARD,36.0,0.04479527937641213
16,Italian Grand Prix,GAS,1.0,MEDIUM,8.0,0.06666329739443032
16,Italian Grand Prix,GAS,2.0,HARD,16.0,0.11333135979180102
16,Italian Grand Prix,GAS,3.0,HARD,21.0,0.01875182553295814
16,Italian Grand Prix,HAM,1.0,MEDIUM,13.0,0.02523014721128066
16,Italian Grand Prix,HAM,2.0,HARD,20.0,-0.0313631437083282
16,Italian Grand Prix,HAM,3.0,HARD,15.0,0.0768073450134755
16,Italian Grand Prix,HUL,2.0,HARD,25.0,0.06679531204644347
16,Italian Grand Prix,HUL,3.0,HARD,19.0,0.06052307183051729
16,Italian Grand Prix,LEC,1.0,MEDIUM,13.0,0.07654333402446765
16,Italian Grand Prix,LEC,2.0,HARD,37.0,0.04828347960671629
16,Italian Grand Prix,MAG,1.0,MEDIUM,12.0,-0.007413708932579043
16,Italian Grand Prix,MAG,2.0,HARD,37.0,0.015672357181796118
16,Italian Grand Prix,NOR,1.0,MEDIUM,12.0,0.015317060298192277
16,Italian Grand Prix,NOR,2.0,HARD,15.0,-0.04142836927223916
16,Italian Grand Prix,NOR,3.0,HARD,20.0,0.000180465314230105
16,Italian Grand Prix,OCO,1.0,HARD,29.0,0.06725204944697476
16,Italian Grand Prix,OCO,2.0,MEDIUM,20.0,0.05286693147964163
16,Italian Grand Prix,PER,1.0,HARD,21.0,0.06164922813035811
16,Italian Grand Prix,PER,2.0,HARD,10.0,0.03413710691824091
16,Italian Grand Prix,PER,3.0,MEDIUM,17.0,0.028753283388824803
16,Italian Grand Prix,PIA,1.0,MEDIUM,14.0,0.04715322413435439
16,Italian Grand Prix,PIA,2.0,HARD,20.0,0.023055653284153623
16,Italian Grand Prix,PIA,3.0,HARD,14.0,0.050614762595895986
16,Italian Grand Prix,RIC,1.0,MEDIUM,8.0,-0.12418194070080715
16,Italian Grand Prix,RIC,2.0,HARD,41.0,0.03971474919466184
16,Italian Grand Prix,RUS,1.0,MEDIUM,9.0,-0.03909622641508972
16,Italian Grand Prix,RUS,2.0,HARD,19.0,-0.01840087342135076
16,Italian Grand Prix,RUS,3.0,HARD,19.0,-0.02723657729228854
16,Italian Grand Prix,SAI,1.0,MEDIUM,16.0,0.07428675397706432
16,Italian Grand Prix,SAI,2.0,HARD,33.0,0.06054929497528158
16,Italian Grand Prix,STR,1.0,HARD,17.0,0.04264789123196611
16,Italian Grand Prix,STR,2.0,HARD,15.0,0.09669663072776273
16,Italian Grand Prix,STR,3.0,MEDIUM,11.0,0.17142495170552088
16,Italian Grand Prix,VER,1.0,HARD,20.0,0.05153008937438085
16,Italian Grand Prix,VER,2.0,HARD,17.0,0.06584642064372763
16,Italian Grand Prix,VER,3.0,MEDIUM,11.0,0.11401286449399557
16,Italian Grand Prix,ZHO,1.0,MEDIUM,13.0,-0.04372040223926996
16,Italian Grand Prix,ZHO,2.0,HARD,36.0,0.08817636045749223
17,Azerbaijan Grand Prix,ALB,1.0,HARD,29.0,0.033290007037298064
17,Azerbaijan Grand Prix,ALB,2.0,MEDIUM,15.0,-0.038947620756845935
17,Azerbaijan Grand Prix,ALO,1.0,MEDIUM,9.0,-0.08302551020407824
17,Azerbaijan Grand Prix,ALO,2.0,HARD,35.0,-0.0016425312440707452
17,Azerbaijan Grand Prix,BEA,1.0,MEDIUM,12.0,0.01950770657913532
17,Azerbaijan Grand Prix,BEA,2.0,HARD,32.0,0.0268653904848767
17,Azerbaijan Grand Prix,BOT,1.0,MEDIUM,9.0,-0.1493088435374108
17,Azerbaijan Grand Prix,BOT,2.0,HARD,35.0,0.05537822447199126
17,Azerbaijan Grand Prix,COL,1.0,MEDIUM,8.0,-0.10928741496597667
17,Azerbaijan Grand Prix,COL,2.0,HARD,36.0,0.015709142590305206
17,Azerbaijan Grand Prix,GAS,1.0,HARD,46.0,0.002653354865629286
17,Azerbaijan Grand Prix,HAM,1.0,MEDIUM,10.0,-0.13689672232529113
17,Azerbaijan Grand Prix,HAM,2.0,HARD,34.0,0.02683409935568766
17,Azerbaijan Grand Prix,HUL,1.0,MEDIUM,13.0,-0.026363422291989316
17,Azerbaijan Grand Prix,HUL,2.0,HARD,31.0,0.049577618953872034
17,Azerbaijan Grand Prix,LEC,1.0,MEDIUM,14.0,0.08532119309262032
17,Azerbaijan Grand Prix,LEC,2.0,HARD,31.0,0.060371678303408116
17,Azerbaijan Grand Prix,NOR,1.0,HARD,34.0,0.0139004256247939
17,Azerbaijan Grand Prix,NOR,2.0,MEDIUM,11.0,0.08447903525046754
17,Azerbaijan Grand Prix,OCO,1.0,HARD,46.0,-0.0028599790287568683
17,Azerbaijan Grand Prix,PER,1.0,MEDIUM,11.0,0.032351762523194216
17,Azerbaijan Grand Prix,PER,2.0,HARD,34.0,0.05144655567905022
17,Azerbaijan Grand Prix,PIA,1.0,MEDIUM,13.0,0.10271350078493352
17,Azerbaijan Grand Prix,PIA,2.0,HARD,32.0,0.04868499667408329
17,Azerbaijan Grand Prix,RIC,1.0,HARD,46.0,0.001651508496778562
17,Azerbaijan Grand Prix,RUS,1.0,MEDIUM,10.0,0.09381236858379799
17,Azerbaijan Grand Prix,RUS,2.0,HARD,35.0,-0.0067436793181413135
17,Azerbaijan Grand Prix,SAI,1.0,MEDIUM,15.0,0.05726734693877179
17,Azerbaijan Grand Prix,SAI,2.0,HARD,30.0,0.036839224030394475
17,Azerbaijan Grand Prix,STR,2.0,HARD,19.0,0.08901922663802052
17,Azerbaijan Grand Prix,STR,3.0,HARD,19.0,0.07900674230865368
17,Azerbaijan Grand Prix,TSU,1.0,MEDIUM,10.0,-0.12456338899196005
17,Azerbaijan Grand Prix,VER,1.0,MEDIUM,10.0,0.029339641311072282
17,Azerbaijan Grand Prix,VER,2.0,HARD,33.0,0.02588932457973104
17,Azerbaijan Grand Prix,ZHO,1.0,HARD,32.0,-0.029701646567718728
17,Azerbaijan Grand Prix,ZHO,2.0,MEDIUM,13.0,0.06856514913657849
18,Singapore Grand Prix,ALB,1.0,MEDIUM,9.0,-0.01081290322580026
18,Singapore Grand Prix,ALO,1.0,MEDIUM,23.0,0.05825369756470633
18,Singapore Grand Prix,ALO,2.0,HARD,34.0,0.048470749034173595
18,Singapore Grand Prix,BOT,1.0,HARD,31.0,0.05426774193548439
18,Singapore Grand Prix,BOT,2.0,MEDIUM,27.0,0.042255839142936756
18,Singapore Grand Prix,COL,1.0,MEDIUM,27.0,0.0630446059317028
18,Singapore Grand Prix,COL,2.0,HARD,30.0,0.0804464961067866
18,Singapore Grand Prix,GAS,1.0,MEDIUM,34.0,0.11485240047287232
18,Singapore Grand Prix,GAS,2.0,SOFT,23.0,0.10596120744612697
18,Singapore Grand Prix,HAM,1.0,SOFT,15.0,0.007569239631336734
18,Singapore Grand Prix,HAM,2.0,HARD,43.0,0.060615201380425546
18,Singapore Grand Prix,HUL,1.0,MEDIUM,27.0,0.0869481468352444
18,Singapore Grand Prix,HUL,2.0,HARD,31.0,0.07109919354838896
18,Singapore Grand Prix,LEC,1.0,MEDIUM,33.0,0.04800608073141387
18,Singapore Grand Prix,LEC,2.0,HARD,24.0,0.11136796633941047
18,Singapore Grand Prix,MAG,1.0,HARD,26.0,0.1104127377998339
18,Singapore Grand Prix,MAG,2.0,MEDIUM,19.0,0.07045025466892889
18,Singapore Grand Prix,NOR,1.0,MEDIUM,28.0,0.061371497431006304
18,Singapore Grand Prix,NOR,2.0,HARD,31.0,0.06954556451613063
18,Singapore Grand Prix,OCO,1.0,MEDIUM,27.0,0.10066548505258278
18,Singapore Grand Prix,OCO,2.0,HARD,31.0,0.05883508064516308
18,Singapore Grand Prix,PER,1.0,MEDIUM,26.0,0.06882025916735417
18,Singapore Grand Prix,PER,2.0,HARD,30.0,0.06261685559225726
18,Singapore Grand Prix,PIA,1.0,MEDIUM,36.0,0.033324162411259205
18,Singapore Grand Prix,PIA,2.0,HARD,23.0,0.06830211653703658
18,Singapore Grand Prix,RIC,1.0,SOFT,8.0,-0.09275576036866308
18,Singapore Grand Prix,RIC,2.0,MEDIUM,34.0,0.10883965597969518
18,Singapore Grand Prix,RIC,3.0,SOFT,10.0,0.0959143695014696
18,Singapore Grand Prix,RUS,1.0,MEDIUM,25.0,0.04140478908188549
18,Singapore Grand Prix,RUS,2.0,HARD,32.0,0.0579363937418356
18,Singapore Grand Prix,SAI,1.0,MEDIUM,11.0,-0.010803812316715867
18,Singapore Grand Prix,SAI,2.0,HARD,48.0,0.05065072030871368
18,Singapore Grand Prix,STR,1.0,HARD,24.0,0.06353796633941175
18,Singapore Grand Prix,STR,2.0,MEDIUM,34.0,0.05469389585746285
18,Singapore Grand Prix,TSU,1.0,MEDIUM,31.0,0.08855161290322744
18,Singapore Grand Prix,TSU,2.0,SOFT,26.0,-0.016738031430932034
18,Singapore Grand Prix,VER,1.0,MEDIUM,27.0,0.06830712119421883
18,Singapore Grand Prix,VER,2.0,HARD,32.0,0.027141129032257707
18,Singapore Grand Prix,ZHO,1.0,HARD,32.0,0.07893566715542462
18,Singapore Grand Prix,ZHO,2.0,MEDIUM,26.0,0.057189489936585416
19,United States Grand Prix,ALB,2.0,MEDIUM,24.0,0.008714938442402375
19,United States Grand Prix,ALB,3.0,HARD,19.0,0.060575542046606125
19,United States Grand Prix,ALO,1.0,MEDIUM,18.0,0.02772999074641172
19,United States Grand Prix,ALO,2.0,HARD,26.0,0.026105914244662274
19,United States Grand Prix,BOT,1.0,MEDIUM,7.0,-0.037626847290638095
19,United States Grand Prix,BOT,2.0,HARD,38.0,0.07656169337102164
19,United States Grand Prix,COL,1.0,HARD,29.0,-0.010505270397191598
19,United States Grand Prix,COL,2.0,MEDIUM,15.0,0.020882142857142287
19,United States Grand Prix,GAS,1.0,MEDIUM,10.0,0.11926839826840019
19,United States Grand Prix,GAS,2.0,HARD,35.0,-0.017307550004396346
19,United States Grand Prix,HUL,1.0,MEDIUM,18.0,-0.03397787364774279
19,United States Grand Prix,HUL,2.0,HARD,26.0,0.0023231476024223024
19,United States Grand Prix,LAW,1.0,HARD,29.0,-0.011838301507767057
19,United States Grand Prix,LAW,2.0,MEDIUM,18.0,0.014989974937342582
19,United States Grand Prix,LEC,1.0,MEDIUM,20.0,0.05763802970192686
19,United States Grand Prix,LEC,2.0,HARD,28.0,0.03313892430289046
19,United States Grand Prix,MAG,1.0,MEDIUM,10.0,0.053677030040667116
19,United States Grand Prix,MAG,2.0,HARD,18.0,-0.0024339310598278
19,United States Grand Prix,MAG,3.0,MEDIUM,15.0,0.007099999999998865
19,United States Grand Prix,NOR,1.0,MEDIUM,24.0,-0.0002273204978213246
19,United States Grand Prix,NOR,2.0,HARD,21.0,0.04940605139541315
19,United States Grand Prix,OCO,1.0,MEDIUM,24.0,0.0025252123552124933
19,United States Grand Prix,OCO,2.0,HARD,16.0,0.04474916598710356
19,United States Grand Prix,PER,1.0,MEDIUM,19.0,-0.026810117563232858
19,United States Grand Prix,PER,2.0,HARD,28.0,0.02828729345675051
19,United States Grand Prix,PIA,1.0,MEDIUM,24.0,-0.006619608082906811
19,United States Grand Prix,PIA,2.0,HARD,20.0,0.05475207781257463
19,United States Grand Prix,RUS,1.0,HARD,32.0,-0.046021335210749775
19,United States Grand Prix,RUS,2.0,MEDIUM,14.0,0.09239697204969355
19,United States Grand Prix,SAI,1.0,MEDIUM,15.0,0.043321084692471874
19,United States Grand Prix,SAI,2.0,HARD,33.0,0.04105260837794463
19,United States Grand Prix,STR,1.0,HARD,18.0,0.05268453077764403
19,United States Grand Prix,STR,2.0,MEDIUM,25.0,0.04612804852438624
19,United States Grand Prix,TSU,1.0,MEDIUM,11.0,0.08320532249122113
19,United States Grand Prix,TSU,2.0,HARD,33.0,-0.011388065937212722
19,United States Grand Prix,VER,1.0,MEDIUM,19.0,0.06519170704869308
19,United States Grand Prix,VER,2.0,HARD,27.0,0.04191816732138099
19,United States Grand Prix,ZHO,1.0,MEDIUM,6.0,0.020490683229812835
19,United States Grand Prix,ZHO,2.0,MEDIUM,19.0,0.04177600047500287
19,United States Grand Prix,ZHO,3.0,HARD,18.0,-0.0044360902255635454
20,Mexico City Grand Prix,ALO,1.0,MEDIUM,7.0,0.25512338414046226
20,Mexico City Grand Prix,BOT,1.0,HARD,42.0,0.030871947510360286
20,Mexico City Grand Prix,BOT,2.0,MEDIUM,20.0,0.1031249496981896
20,Mexico City Grand Prix,COL,1.0,HARD,40.0,0.022932226567662292
20,Mexico City Grand Prix,COL,2.0,MEDIUM,21.0,0.08736199853891807
20,Mexico City Grand Prix,GAS,1.0,MEDIUM,21.0,0.10789767697091676
20,Mexico City Grand Prix,GAS,2.0,HARD,41.0,0.02249707513373042
20,Mexico City Grand Prix,HAM,1.0,MEDIUM,21.0,0.06827819645143646
20,Mexico City Grand Prix,HAM,2.0,HARD,41.0,0.022003013263064527
20,Mexico City Grand Prix,HUL,1.0,MEDIUM,22.0,0.0975211665248406
20,Mexico City Grand Prix,HUL,2.0,HARD,40.0,0.030612714372539093
20,Mexico City Grand Prix,LAW,1.0,HARD,32.0,0.06337522200652726
20,Mexico City Grand Prix,LAW,2.0,MEDIUM,24.0,0.03924960808328217
20,Mexico City Grand Prix,LEC,1.0,MEDIUM,24.0,0.06870352112676033
20,Mexico City Grand Prix,LEC,2.0,HARD,35.0,0.046681791168956446
20,Mexico City Grand Prix,MAG,1.0,MEDIUM,23.0,0.10453909424929071
20,Mexico City Grand Prix,MAG,2.0,HARD,40.0,0.012381100864095038
20,Mexico City Grand Prix,NOR,1.0,MEDIUM,22.0,0.07284769196169708
20,Mexico City Grand Prix,NOR,2.0,HARD,40.0,0.018141138387547655
20,Mexico City Grand Prix,OCO,1.0,HARD,41.0,0.025984880011777595
20,Mexico City Grand Prix,OCO,2.0,MEDIUM,21.0,0.04598858606182602
20,Mexico City Grand Prix,PER,1.0,HARD,11.0,0.10798753647203074
20,Mexico City Grand Prix,PER,2.0,MEDIUM,21.0,0.17076131333455127
20,Mexico City Grand Prix,PER,3.0,MEDIUM,23.0,0.11476340254968283
20,Mexico City Grand Prix,PIA,1.0,MEDIUM,30.0,0.019638934871501753
20,Mexico City Grand Prix,PIA,2.0,HARD,31.0,0.014193037255793173
20,Mexico City Grand Prix,RUS,1.0,MEDIUM,24.0,0.041023521126759326
20,Mexico City Grand Prix,RUS,2.0,HARD,39.0,0.03950898671380679
20,Mexico City Grand Prix,SAI,1.0,MEDIUM,25.0,0.04043429035753165
20,Mexico City Grand Prix,SAI,2.0,HARD,38.0,0.023940467182127067
20,Mexico City Grand Prix,STR,1.0,MEDIUM,18.0,0.09104002127543692
20,Mexico City Grand Prix,STR,2.0,HARD,43.0,0.006782364376535063
20,Mexico City Grand Prix,VER,1.0,MEDIUM,18.0,0.0730586589713741
20,Mexico City Grand Prix,VER,2.0,HARD,44.0,0.02201856693366658
20,Mexico City Grand Prix,ZHO,1.0,HARD,36.0,0.04628852756176747
20,Mexico City Grand Prix,ZHO,2.0,MEDIUM,26.0,0.05906958950282679
22,Las Vegas Grand Prix,ALB,1.0,MEDIUM,7.0,-0.3903571428571467
22,Las Vegas Grand Prix,ALB,2.0,HARD,14.0,0.08396923076923081
22,Las Vegas Grand Prix,ALO,2.0,HARD,18.0,0.10836222910217094
22,Las Vegas Grand Prix,ALO,3.0,HARD,25.0,0.059227692307690455
22,Las Vegas Grand Prix,BOT,1.0,HARD,15.0,0.222614285714284
22,Las Vegas Grand Prix,BOT,2.0,MEDIUM,16.0,0.13200588235294375
22,Las Vegas Grand Prix,BOT,3.0,HARD,11.0,0.10026480086113936
22,Las Vegas Grand Prix,COL,1.0,HARD,14.0,0.18909450549450593
22,Las Vegas Grand Prix,COL,2.0,MEDIUM,8.0,-0.10920238095237643
22,Las Vegas Grand Prix,COL,3.0,HARD,23.0,0.046112648221340584
22,Las Vegas Grand Prix,GAS,1.0,MEDIUM,8.0,0.3424880952380951
22,Las Vegas Grand Prix,HAM,1.0,MEDIUM,11.0,0.06595454545454535
22,Las Vegas Grand Prix,HAM,2.0,HARD,11.0,0.0028234152651980915
22,Las Vegas Grand Prix,HAM,3.0,HARD,20.0,0.0730560988162637
22,Las Vegas Grand Prix,HUL,1.0,MEDIUM,12.0,0.24080769230768698
22,Las Vegas Grand Prix,HUL,2.0,HARD,17.0,0.097181372549016
22,Las Vegas Grand Prix,HUL,3.0,HARD,16.0,-0.008699999999996618
22,Las Vegas Grand Prix,LAW,1.0,MEDIUM,9.0,0.18530000000000324
22,Las Vegas Grand Prix,LAW,2.0,HARD,25.0,0.09143538461538281
22,Las Vegas Grand Prix,LAW,3.0,HARD,9.0,0.019882653061221507
22,Las Vegas Grand Prix,LEC,1.0,MEDIUM,7.0,0.4538928571428522
22,Las Vegas Grand Prix,LEC,2.0,HARD,20.0,-0.020974436090224233
22,Las Vegas Grand Prix,LEC,3.0,HARD,15.0,0.01309070796460259
22,Las Vegas Grand Prix,MAG,1.0,MEDIUM,15.0,0.2055499999999975
22,Las Vegas Grand Prix,MAG,2.0,HARD,32.0,-0.015833577712611843
22,Las Vegas Grand Prix,NOR,1.0,MEDIUM,7.0,0.1596428571428577
22,Las Vegas Grand Prix,NOR,2.0,HARD,19.0,0.032619298245612646
22,Las Vegas Grand Prix,NOR,3.0,HARD,16.0,-0.06550735294117534
22,Las Vegas Grand Prix,OCO,1.0,MEDIUM,9.0,0.23341666666667013
22,Las Vegas Grand Prix,OCO,3.0,HARD,31.0,0.09349879032258235
22,Las Vegas Grand Prix,PER,1.0,HARD,15.0,0.09561785714285319
22,Las Vegas Grand Prix,PER,2.0,MEDIUM,13.0,0.08777472527472993
22,Las Vegas Grand Prix,PER,3.0,HARD,17.0,0.02434313725489943
22,Las Vegas Grand Prix,PIA,1.0,MEDIUM,8.0,0.28898809523809865
22,Las Vegas Grand Prix,PIA,2.0,HARD,13.0,0.10179120879121456
22,Las Vegas Grand Prix,PIA,3.0,HARD,23.0,0.027080266159696303
22,Las Vegas Grand Prix,RUS,1.0,MEDIUM,10.0,0.03612727272726616
22,Las Vegas Grand Prix,RUS,2.0,HARD,18.0,0.028285861713110354
22,Las Vegas Grand Prix,RUS,3.0,HARD,15.0,0.053943030973449026
22,Las Vegas Grand Prix,SAI,1.0,MEDIUM,8.0,0.22864285714286137
22,Las Vegas Grand Prix,SAI,2.0,HARD,15.0,-0.0671321428571456
22,Las Vegas Grand Prix,SAI,3.0,HARD,20.0,0.004153509969952052
22,Las Vegas Grand Prix,STR,1.0,MEDIUM,7.0,-0.35464285714285504
22,Las Vegas Grand Prix,STR,2.0,HARD,17.0,0.05006372549019897
22,Las Vegas Grand Prix,STR,3.0,HARD,20.0,0.009345276025749836
22,Las Vegas Grand Prix,TSU,1.0,MEDIUM,8.0,0.3093333333333395
22,Las Vegas Grand Prix,TSU,2.0,HARD,17.0,0.04641176470588503
22,Las Vegas Grand Prix,TSU,3.0,HARD,20.0,0.0019263157894728116
22,Las Vegas Grand Prix,VER,1.0,MEDIUM,9.0,0.11415000000000373
22,Las Vegas Grand Prix,VER,2.0,HARD,13.0,-0.012565934065933336
22,Las Vegas Grand Prix,VER,3.0,HARD,21.0,0.012807313483527585
22,Las Vegas Grand Prix,ZHO,1.0,MEDIUM,9.0,0.22925000000000093
22,Las Vegas Grand Prix,ZHO,2.0,HARD,21.0,0.09079610389610585
22,Las Vegas Grand Prix,ZHO,3.0,HARD,15.0,0.02085357142856863
23,Qatar Grand Prix,ALB,1.0,MEDIUM,28.0,-0.027001608184452675
23,Qatar Grand Prix,ALB,4.0,SOFT,12.0,0.25527493559072334
23,Qatar Grand Prix,ALO,1.0,MEDIUM,28.0,-0.03566136851184579
23,Qatar Grand Prix,ALO,4.0,MEDIUM,15.0,-0.11604342105263216
23,Qatar Grand Prix,BOT,1.0,MEDIUM,18.0,-0.07355314757482039
23,Qatar Grand Prix,BOT,2.0,HARD,7.0,0.16038842826244087
23,Qatar Grand Prix,BOT,4.0,MEDIUM,14.0,0.001585983092445105
23,Qatar Grand Prix,GAS,1.0,MEDIUM,27.0,-0.051275808632928785
23,Qatar Grand Prix,GAS,4.0,HARD,13.0,-0.08328771672394546
23,Qatar Grand Prix,HAM,1.0,MEDIUM,26.0,-0.03622025619102049
23,Qatar Grand Prix,HAM,5.0,HARD,9.0,0.0787649122807008
23,Qatar Grand Prix,HUL,2.0,HARD,23.0,-0.03322953683149286
23,Qatar Grand Prix,LAW,1.0,MEDIUM,28.0,-0.03446124372059589
23,Qatar Grand Prix,LAW,5.0,SOFT,12.0,0.08548766203342546
23,Qatar Grand Prix,LEC,1.0,MEDIUM,27.0,-0.03892301933357321
23,Qatar Grand Prix,LEC,4.0,HARD,15.0,-0.03500413533834638
23,Qatar Grand Prix,MAG,1.0,MEDIUM,20.0,-0.05855744044624022
23,Qatar Grand Prix,MAG,4.0,HARD,14.0,-0.15435592105263063
23,Qatar Grand Prix,NOR,1.0,MEDIUM,28.0,-0.01996463907265365
23,Qatar Grand Prix,NOR,5.0,HARD,9.0,0.03777996604414533
23,Qatar Grand Prix,PER,1.0,MEDIUM,28.0,-0.01909672480921653
23,Qatar Grand Prix,PIA,1.0,MEDIUM,24.0,-0.024948116854277773
23,Qatar Grand Prix,PIA,4.0,HARD,14.0,-0.06652386146714004
23,Qatar Grand Prix,RUS,1.0,MEDIUM,17.0,-0.018091460268316362
23,Qatar Grand Prix,RUS,2.0,HARD,9.0,0.04094779516358296
23,Qatar Grand Prix,RUS,5.0,HARD,15.0,-0.0643469924812035
23,Qatar Grand Prix,SAI,1.0,MEDIUM,26.0,-0.03749647376336744
23,Qatar Grand Prix,SAI,4.0,HARD,15.0,-0.09472556390977688
23,Qatar Grand Prix,TSU,1.0,MEDIUM,28.0,-0.03258192419994161
23,Qatar Grand Prix,TSU,5.0,SOFT,15.0,0.07767800751879672
23,Qatar Grand Prix,VER,1.0,MEDIUM,28.0,-0.02333512479753232
23,Qatar Grand Prix,VER,4.0,HARD,15.0,0.01166372180451089
23,Qatar Grand Prix,ZHO,1.0,MEDIUM,28.0,-0.057153321311390615
23,Qatar Grand Prix,ZHO,4.0,HARD,15.0,-0.14301484962405928
24,Abu Dhabi Grand Prix,ALB,1.0,MEDIUM,8.0,0.12471223316913477
24,Abu Dhabi Grand Prix,ALB,2.0,HARD,41.0,0.06312688617803686
24,Abu Dhabi Grand Prix,ALO,1.0,MEDIUM,8.0,0.29931873252562685
24,Abu Dhabi Grand Prix,ALO,2.0,HARD,21.0,0.060814551154172634
24,Abu Dhabi Grand Prix,ALO,3.0,HARD,19.0,0.027806979754092024
24,Abu Dhabi Grand Prix,BOT,2.0,HARD,22.0,0.12314593352674241
24,Abu Dhabi Grand Prix,COL,2.0,HARD,21.0,0.0710358262427206
24,Abu Dhabi Grand Prix,DOO,1.0,MEDIUM,17.0,0.09196342892069584
24,Abu Dhabi Grand Prix,DOO,2.0,HARD,29.0,0.044094358732894336
24,Abu Dhabi Grand Prix,GAS,1.0,MEDIUM,10.0,0.12555444096134152
24,Abu Dhabi Grand Prix,GAS,2.0,HARD,39.0,0.04528688083307037
24,Abu Dhabi Grand Prix,HAM,1.0,HARD,29.0,0.024876477160658605
24,Abu Dhabi Grand Prix,HAM,2.0,MEDIUM,20.0,0.030278210641570727
24,Abu Dhabi Grand Prix,HUL,1.0,MEDIUM,9.0,0.24364080459770265
24,Abu Dhabi Grand Prix,HUL,2.0,HARD,41.0,0.05062245660666453
24,Abu Dhabi Grand Prix,LAW,1.0,MEDIUM,17.0,0.09643659452825706
24,Abu Dhabi Grand Prix,LAW,4.0,HARD,25.0,0.03819490716180343
24,Abu Dhabi Grand Prix,LEC,1.0,MEDIUM,15.0,0.06333373508743187
24,Abu Dhabi Grand Prix,LEC,2.0,HARD,32.0,0.02043874252287221
24,Abu Dhabi Grand Prix,MAG,1.0,MEDIUM,8.0,0.2804860426929423
24,Abu Dhabi Grand Prix,MAG,2.0,HARD,15.0,0.10311699507389158
24,Abu Dhabi Grand Prix,MAG,4.0,SOFT,22.0,0.16109136828874324
24,Abu Dhabi Grand Prix,NOR,1.0,MEDIUM,22.0,0.060850620144473434
24,Abu Dhabi Grand Prix,NOR,2.0,HARD,29.0,0.036991218473430273
24,Abu Dhabi Grand Prix,PIA,2.0,HARD,23.0,0.081943758276974
24,Abu Dhabi Grand Prix,PIA,3.0,HARD,23.0,0.03508725566089749
24,Abu Dhabi Grand Prix,RUS,1.0,MEDIUM,22.0,0.06527298039292159
24,Abu Dhabi Grand Prix,RUS,2.0,HARD,25.0,0.05007373162838702
24,Abu Dhabi Grand Prix,SAI,1.0,MEDIUM,20.0,0.04951661913404043
24,Abu Dhabi Grand Prix,SAI,2.0,HARD,30.0,0.04138934196789187
24,Abu Dhabi Grand Prix,STR,1.0,MEDIUM,6.0,0.20100985221675546
24,Abu Dhabi Grand Prix,STR,2.0,HARD,16.0,0.07362653697737606
24,Abu Dhabi Grand Prix,STR,3.0,HARD,22.0,0.0724000272590969
24,Abu Dhabi Grand Prix,TSU,1.0,MEDIUM,16.0,0.11843737322515095
24,Abu Dhabi Grand Prix,TSU,2.0,HARD,31.0,0.062180161259332935
24,Abu Dhabi Grand Prix,VER,1.0,MEDIUM,24.0,0.05917588105030106
24,Abu Dhabi Grand Prix,VER,2.0,HARD,27.0,0.03387451387088449
24,Abu Dhabi Grand Prix,ZHO,1.0,MEDIUM,8.0,0.14070032840722874
24,Abu Dhabi Grand Prix,ZHO,2.0,HARD,24.0,0.041975826242723564
24,Abu Dhabi Grand Prix,ZHO,3.0,HARD,15.0,0.04163128078817349
