Round,Event,Compound,mediana,stints
1,Bahrain Grand Prix,HARD,0.09220239701818671,37
1,Bahrain Grand Prix,SOFT,0.11926766917293335,25
2,Saudi Arabian Grand Prix,HARD,-0.016291651031896837,15
2,Saudi Arabian Grand Prix,MEDIUM,-0.0099593229225259,4
2,Saudi Arabian Grand Prix,SOFT,0.07944380619380723,4
3,Australian Grand Prix,HARD,0.055274999464364906,35
3,Australian Grand Prix,MEDIUM,0.04823872180450943,13
4,Japanese Grand Prix,HARD,0.09662772153618199,27
4,Japanese Grand Prix,MEDIUM,0.12693291625320646,16
4,Japanese Grand Prix,SOFT,0.12921134221235647,4
5,Chinese Grand Prix,HARD,0.0877606593406585,23
5,Chinese Grand Prix,MEDIUM,0.1425983893557437,23
5,Chinese Grand Prix,SOFT,0.16259220779220257,6
6,Miami Grand Prix,HARD,0.022978824702103447,19
6,Miami Grand Prix,MEDIUM,0.01842067669172896,24
6,Miami Grand Prix,SOFT,0.008494252214697877,2
7,Emilia Romagna Grand Prix,HARD,0.05721178955453219,19
7,Emilia Romagna Grand Prix,MEDIUM,0.09058268398268808,23
7,Emilia Romagna Grand Prix,SOFT,-0.09972380952381148,1
8,Monaco Grand Prix,HARD,-0.013580071623698689,12
8,Monaco Grand Prix,MEDIUM,-0.04030666306637185,8
8,Monaco Grand Prix,SOFT,0.047721280063606666,1
9,Canadian Grand Prix,HARD,-0.17376314968733925,4
9,Canadian Grand Prix,MEDIUM,-0.19277340194785933,11
10,Spanish Grand Prix,HARD,0.06306626706626638,13
10,Spanish Grand Prix,MEDIUM,0.07824155844155856,19
10,Spanish Grand Prix,SOFT,0.08203499351971719,29
11,Austrian Grand Prix,HARD,0.07971226808619739,27
11,Austrian Grand Prix,MEDIUM,0.10675953821195858,34
12,British Grand Prix,HARD,0.01998019345924321,3
12,British Grand Prix,MEDIUM,0.12569475867269955,22
12,British Grand Prix,SOFT,0.09606730727637268,12
13,Hungarian Grand Prix,HARD,0.08974069843200205,30
13,Hungarian Grand Prix,MEDIUM,0.05622907268170211,19
13,Hungarian Grand Prix,SOFT,-0.11195754245754143,1
14,Belgian Grand Prix,HARD,0.05142672292358404,22
14,Belgian Grand Prix,MEDIUM,0.08747500000000545,26
14,Belgian Grand Prix,SOFT,0.004193312434689596,3
15,Dutch Grand Prix,HARD,0.042412611447920905,20
15,Dutch Grand Prix,MEDIUM,0.04016776556776428,20
15,Dutch Grand Prix,SOFT,0.047842469199931625,6
16,Italian Grand Prix,HARD,0.04744933810103575,29
16,Italian Grand Prix,MEDIUM,0.0252716941259021,18
17,Azerbaijan Grand Prix,HARD,0.02684974492028218,20
17,Azerbaijan Grand Prix,MEDIUM,0.0244236739451038,16
18,Singapore Grand Prix,HARD,0.0630774109658345,16
18,Singapore Grand Prix,MEDIUM,0.061371497431006304,19
18,Singapore Grand Prix,SOFT,0.007569239631336734,5
19,United States Grand Prix,HARD,0.02828729345675051,19
19,United States Grand Prix,MEDIUM,0.020882142857142287,21
20,Mexico City Grand Prix,HARD,0.023940467182127067,17
20,Mexico City Grand Prix,MEDIUM,0.0730586589713741,19
22,Las Vegas Grand Prix,HARD,0.032619298245612646,35
22,Las Vegas Grand Prix,MEDIUM,0.18530000000000324,19
23,Qatar Grand Prix,HARD,-0.03500413533834638,13
23,Qatar Grand Prix,MEDIUM,-0.03506130611622084,18
23,Qatar Grand Prix,SOFT,0.08548766203342546,3
24,Abu Dhabi Grand Prix,HARD,0.04528688083307037,23
24,Abu Dhabi Grand Prix,MEDIUM,0.107436983876704,16
24,Abu Dhabi Grand Prix,SOFT,0.16109136828874324,1
