gp,posicion,piloto,estrategia_real,paradas,vs_optima_s
Italian Grand Prix,1,LEC,M15 → H38,1,5.5
Italian Grand Prix,2,PIA,M16 → H22 → H15,2,15.9
Italian Grand Prix,3,NOR,M14 → H18 → H21,2,15.4
Italian Grand Prix,4,SAI,M19 → H34,1,2.5
Italian Grand Prix,5,HAM,M15 → H22 → H16,2,15.7
Italian Grand Prix,6,VER,H22 → H19 → M12,2,15.6
Italian Grand Prix,7,RUS,M11 → H22 → H20,2,15.7
Italian Grand Prix,8,PER,H23 → H12 → M18,2,17.0
Italian Grand Prix,9,ALB,M17 → H36,1,3.9
Italian Grand Prix,10,MAG,M14 → H39,1,6.5
Bahrain Grand Prix,1,VER,S17 → H20 → S20,2,12.9
Bahrain Grand Prix,2,PER,S12 → H24 → S21,2,13.5
Bahrain Grand Prix,3,SAI,S14 → H21 → H22,2,0.0
Bahrain Grand Prix,4,LEC,S11 → H23 → H23,2,0.7
Bahrain Grand Prix,5,RUS,S11 → H20 → H26,2,1.5
Bahrain Grand Prix,6,NOR,S13 → H20 → H24,2,0.4
Bahrain Grand Prix,7,HAM,S12 → H21 → H24,2,0.5
Bahrain Grand Prix,8,PIA,S12 → H22 → H23,2,0.3
Bahrain Grand Prix,9,ALO,S15 → H26 → H16,2,2.4
Bahrain Grand Prix,10,STR,S9 → H18 → H30,2,5.3
Hungarian Grand Prix,1,PIA,M18 → H29 → M23,2,181.9
Hungarian Grand Prix,2,NOR,M17 → H28 → M25,2,180.4
Hungarian Grand Prix,3,HAM,M16 → H24 → H30,2,210.3
Hungarian Grand Prix,4,LEC,M23 → H17 → M30,2,165.2
Hungarian Grand Prix,5,VER,M21 → H28 → M21,2,179.5
Hungarian Grand Prix,6,SAI,M21 → H26 → M23,2,175.7
Hungarian Grand Prix,7,PER,H28 → M19 → M23,2,179.7
Hungarian Grand Prix,8,RUS,H33 → M20 → H17,2,207.3
Hungarian Grand Prix,9,TSU,M29 → H41,1,206.8
Hungarian Grand Prix,10,STR,S14 → M31 → H25,2,195.1
