gp,piloto_1,piloto_2,tramo,desde_m,hasta_m,gana_p1_s
Monza,NOR,LEC,Salida → C1,0.0,882.0,-0.134
Monza,NOR,LEC,C1 → C2,882.0,940.0,-0.036
Monza,NOR,LEC,C2 → C3,940.0,1452.0,0.07
Monza,NOR,LEC,C3 → C4,1452.0,2091.0,-0.311
Monza,NOR,LEC,C4 → C5,2091.0,2147.0,0.039
Monza,NOR,LEC,C5 → C6,2147.0,2510.0,0.231
Monza,NOR,LEC,C6 → C7,2510.0,2821.0,0.067
Monza,NOR,LEC,C7 → C8,2821.0,3903.0,0.06
Monza,NOR,LEC,C8 → C9,3903.0,3994.0,0.049
Monza,NOR,LEC,C9 → C10,3994.0,4086.0,0.039
Monza,NOR,LEC,C10 → C11,4086.0,5183.0,0.015
Monza,NOR,LEC,C11 → Meta,5183.0,5750.0,-0.023
Monaco,LEC,PIA,Salida → C1,0.0,182.0,0.051
Monaco,LEC,PIA,C1 → C2,182.0,576.0,-0.004
Monaco,LEC,PIA,C2 → C3,576.0,737.0,-0.065
Monaco,LEC,PIA,C3 → C4,737.0,866.0,-0.009
Monaco,LEC,PIA,C4 → C5,866.0,1091.0,-0.202
Monaco,LEC,PIA,C5 → C6,1091.0,1220.0,-0.029
Monaco,LEC,PIA,C6 → C7,1220.0,1300.0,-0.004
Monaco,LEC,PIA,C7 → C8,1300.0,1387.0,-0.094
Monaco,LEC,PIA,C8 → C9,1387.0,1726.0,0.163
Monaco,LEC,PIA,C9 → C10,1726.0,2038.0,-0.227
Monaco,LEC,PIA,C10 → C11,2038.0,2096.0,-0.121
Monaco,LEC,PIA,C11 → C12,2096.0,2314.0,0.397
Monaco,LEC,PIA,C12 → C13,2314.0,2476.0,-0.007
Monaco,LEC,PIA,C13 → C14,2476.0,2495.0,0.002
Monaco,LEC,PIA,C14 → C15,2495.0,2620.0,-0.339
Monaco,LEC,PIA,C15 → C16,2620.0,2651.0,-0.123
Monaco,LEC,PIA,C16 → C17,2651.0,2722.0,0.042
Monaco,LEC,PIA,C17 → C18,2722.0,2845.0,-0.59
Monaco,LEC,PIA,C18 → C19,2845.0,2934.0,0.187
Monaco,LEC,PIA,C19 → Meta,2934.0,3260.0,0.719
Suzuka,VER,NOR,Salida → C1,0.0,678.0,0.071
Suzuka,VER,NOR,C1 → C2,678.0,824.0,-0.081
Suzuka,VER,NOR,C2 → C3,824.0,1084.0,-0.004
Suzuka,VER,NOR,C3 → C4,1084.0,1234.0,0.002
Suzuka,VER,NOR,C4 → C5,1234.0,1377.0,-0.014
Suzuka,VER,NOR,C5 → C6,1377.0,1547.0,-0.023
Suzuka,VER,NOR,C6 → C7,1547.0,1843.0,0.068
Suzuka,VER,NOR,C7 → C8,1843.0,2240.0,0.032
Suzuka,VER,NOR,C8 → C9,2240.0,2442.0,0.025
Suzuka,VER,NOR,C9 → C10,2442.0,2763.0,0.107
Suzuka,VER,NOR,C10 → C11,2763.0,2890.0,-0.112
Suzuka,VER,NOR,C11 → C12,2890.0,3119.0,0.169
Suzuka,VER,NOR,C12 → C13,3119.0,3793.0,-0.026
Suzuka,VER,NOR,C13 → C14,3793.0,3902.0,0.008
Suzuka,VER,NOR,C14 → C15,3902.0,4961.0,0.038
Suzuka,VER,NOR,C15 → C16,4961.0,5347.0,-0.046
Suzuka,VER,NOR,C16 → C17,5347.0,5442.0,0.004
Suzuka,VER,NOR,C17 → C18,5442.0,5573.0,0.031
Suzuka,VER,NOR,C18 → Meta,5573.0,5765.0,0.027
