tramo,desde_m,hasta_m,gana_LEC_s
Salida → C1,0.0,182.0,0.051
C1 → C2,182.0,576.0,-0.004
C2 → C3,576.0,737.0,-0.065
C3 → C4,737.0,866.0,-0.009
C4 → C5,866.0,1091.0,-0.202
C5 → C6,1091.0,1220.0,-0.029
C6 → C7,1220.0,1300.0,-0.004
C7 → C8,1300.0,1387.0,-0.094
C8 → C9,1387.0,1726.0,0.163
C9 → C10,1726.0,2038.0,-0.227
C10 → C11,2038.0,2096.0,-0.121
C11 → C12,2096.0,2314.0,0.397
C12 → C13,2314.0,2476.0,-0.007
C13 → C14,2476.0,2495.0,0.002
C14 → C15,2495.0,2620.0,-0.339
C15 → C16,2620.0,2651.0,-0.123
C16 → C17,2651.0,2722.0,0.042
C17 → C18,2722.0,2845.0,-0.59
C18 → C19,2845.0,2934.0,0.187
C19 → Meta,2934.0,3260.0,0.719
