tramo,desde_m,hasta_m,gana_VER_s
Salida → C1,0.0,678.0,0.071
C1 → C2,678.0,824.0,-0.081
C2 → C3,824.0,1084.0,-0.004
C3 → C4,1084.0,1234.0,0.002
C4 → C5,1234.0,1377.0,-0.014
C5 → C6,1377.0,1547.0,-0.023
C6 → C7,1547.0,1843.0,0.068
C7 → C8,1843.0,2240.0,0.032
C8 → C9,2240.0,2442.0,0.025
C9 → C10,2442.0,2763.0,0.107
C10 → C11,2763.0,2890.0,-0.112
C11 → C12,2890.0,3119.0,0.169
C12 → C13,3119.0,3793.0,-0.026
C13 → C14,3793.0,3902.0,0.008
C14 → C15,3902.0,4961.0,0.038
C15 → C16,4961.0,5347.0,-0.046
C16 → C17,5347.0,5442.0,0.004
C17 → C18,5442.0,5573.0,0.031
C18 → Meta,5573.0,5765.0,0.027
